Program Version:,EnergyPlus, Version 9.3.0-baff08990c, YMD=2022.01.28 01:05
Tabular Output Report in Format: ,Comma

Building:,Medium Office
Environment:,RUN PERIOD 1 ** Denver-Aurora-Buckley AFB CO USA TMY3 WMO#=724695

----------------------------------------------------------------------------------------------------
REPORT:,Annual Building Utility Performance Summary
FOR:,Entire Facility
Values gathered over       720.00 hours
WARNING: THE REPORT DOES NOT REPRESENT A FULL ANNUAL SIMULATION.

Site and Source Energy

,,Total Energy [GJ],Energy Per Total Building Area [MJ/m2],Energy Per Conditioned Building Area [MJ/m2]
,Total Site Energy,146.73,29.45,29.45
,Net Site Energy,146.73,29.45,29.45
,Total Source Energy,451.04,90.53,90.53
,Net Source Energy,451.04,90.53,90.53


Site to Source Energy Conversion Factors

,,Site=>Source Conversion Factor
,Electricity,3.167
,Natural Gas,1.084
,District Cooling,1.056
,District Heating,3.613
,Steam,0.300
,Gasoline,1.050
,Diesel,1.050
,Coal,1.050
,Fuel Oil #1,1.050
,Fuel Oil #2,1.050
,Propane,1.050
,Other Fuel 1,1.000
,Other Fuel 2,1.000


Building Area

,,Area [m2]
,Total Building Area,4982.19
,Net Conditioned Building Area,4982.19
,Unconditioned Building Area,0.00


End Uses

,,Electricity [GJ],Natural Gas [GJ],Additional Fuel [GJ],District Cooling [GJ],District Heating [GJ],Water [m3]
,Heating,0.03,0.00,0.00,0.00,0.00,0.00
,Cooling,42.21,0.00,0.00,0.00,0.00,0.00
,Interior Lighting,23.58,0.00,0.00,0.00,0.00,0.00
,Exterior Lighting,2.70,0.00,0.00,0.00,0.00,0.00
,Interior Equipment,60.44,0.00,0.00,0.00,0.00,0.00
,Exterior Equipment,0.95,0.00,0.00,0.00,0.00,0.00
,Fans,10.25,0.00,0.00,0.00,0.00,0.00
,Pumps,0.01,0.00,0.00,0.00,0.00,0.00
,Heat Rejection,0.00,0.00,0.00,0.00,0.00,0.00
,Humidification,0.00,0.00,0.00,0.00,0.00,0.00
,Heat Recovery,0.00,0.00,0.00,0.00,0.00,0.00
,Water Systems,0.00,6.56,0.00,0.00,0.00,21.62
,Refrigeration,0.00,0.00,0.00,0.00,0.00,0.00
,Generators,0.00,0.00,0.00,0.00,0.00,0.00
,,,,,,,
,Total End Uses,140.17,6.56,0.00,0.00,0.00,21.62
Note: Electricity appears to be the principal heating source based on energy usage.


End Uses By Subcategory

,,Subcategory,Electricity [GJ],Natural Gas [GJ],Additional Fuel [GJ],District Cooling [GJ],District Heating [GJ],Water [m3]
,Heating,General,0.03,0.00,0.00,0.00,0.00,0.00
,Cooling,General,42.21,0.00,0.00,0.00,0.00,0.00
,Interior Lighting,General Lights,23.58,0.00,0.00,0.00,0.00,0.00
,Exterior Lighting,General,2.70,0.00,0.00,0.00,0.00,0.00
,Interior Equipment,MiscPlug,60.44,0.00,0.00,0.00,0.00,0.00
,Exterior Equipment,Transformer,0.95,0.00,0.00,0.00,0.00,0.00
,Fans,General,10.25,0.00,0.00,0.00,0.00,0.00
,Pumps,General,0.01,0.00,0.00,0.00,0.00,0.00
,Heat Rejection,General,0.00,0.00,0.00,0.00,0.00,0.00
,Humidification,General,0.00,0.00,0.00,0.00,0.00,0.00
,Heat Recovery,General,0.00,0.00,0.00,0.00,0.00,0.00
,Water Systems,sub cat,0.00,0.00,0.00,0.00,0.00,21.62
,,General,0.00,0.00,0.00,0.00,0.00,0.00
,,Water Heater,0.00,6.56,0.00,0.00,0.00,0.00
,Refrigeration,General,0.00,0.00,0.00,0.00,0.00,0.00
,Generators,General,0.00,0.00,0.00,0.00,0.00,0.00


Normalized Metrics
Utility Use Per Conditioned Floor Area

,,Electricity Intensity [MJ/m2],Natural Gas Intensity [MJ/m2],Additional Fuel Intensity [MJ/m2],District Cooling Intensity [MJ/m2],District Heating Intensity [MJ/m2],Water Intensity [m3/m2]
,Lighting,5.27,0.00,0.00,0.00,0.00,0.00
,HVAC,10.54,1.32,0.00,0.00,0.00,0.00
,Other,12.32,0.00,0.00,0.00,0.00,0.00
,Total,28.13,1.32,0.00,0.00,0.00,0.00


Utility Use Per Total Floor Area

,,Electricity Intensity [MJ/m2],Natural Gas Intensity [MJ/m2],Additional Fuel Intensity [MJ/m2],District Cooling Intensity [MJ/m2],District Heating Intensity [MJ/m2],Water Intensity [m3/m2]
,Lighting,5.27,0.00,0.00,0.00,0.00,0.00
,HVAC,10.54,1.32,0.00,0.00,0.00,0.00
,Other,12.32,0.00,0.00,0.00,0.00,0.00
,Total,28.13,1.32,0.00,0.00,0.00,0.00


Electric Loads Satisfied

,,Electricity [GJ],Percent Electricity [%]
,Fuel-Fired Power Generation,0.000,0.00
,High Temperature Geothermal*,0.000,0.00
,Photovoltaic Power,0.000,0.00
,Wind Power,0.000,0.00
,Power Conversion,0.000,0.00
,Net Decrease in On-Site Storage,0.000,0.00
,Total On-Site Electric Sources,0.000,0.00
,,,
,Electricity Coming From Utility,140.173,100.00
,Surplus Electricity Going To Utility,0.000,0.00
,Net Electricity From Utility,140.173,100.00
,,,
,Total On-Site and Utility Electric Sources,140.173,100.00
,Total Electricity End Uses,140.173,100.00


On-Site Thermal Sources

,,Heat [GJ],Percent Heat [%]
,Water-Side Heat Recovery,0.00,
,Air to Air Heat Recovery for Cooling,0.00,
,Air to Air Heat Recovery for Heating,0.00,
,High-Temperature Geothermal*,0.00,
,Solar Water Thermal,0.00,
,Solar Air Thermal,0.00,
,Total On-Site Thermal Sources,0.00,


Water Source Summary

,,Water [m3],Percent Water [%]
,Rainwater Collection,0.00,0.00
,Condensate Collection,0.00,0.00
,Groundwater Well,0.00,0.00
,Total On Site Water Sources,0.00,0.00
,-,-,-
,Initial Storage,0.00,0.00
,Final Storage,0.00,0.00
,Change in Storage,0.00,0.00
,-,-,-
,Water Supplied by Utility,21.62,100.00
,-,-,-
,Total On Site, Change in Storage, and Utility Water Sources,21.62,100.00
,Total Water End Uses,21.62,100.00


Setpoint Not Met Criteria

,,Degrees [deltaC]
,Tolerance for Zone Heating Setpoint Not Met Time,0.20
,Tolerance for Zone Cooling Setpoint Not Met Time,0.20


Comfort and Setpoint Not Met Summary

,,Facility [Hours]
,Time Setpoint Not Met During Occupied Heating,0.00
,Time Setpoint Not Met During Occupied Cooling,44.25
,Time Not Comfortable Based on Simple ASHRAE 55-2004,50.00


Note 1: An asterisk (*) indicates that the feature is not yet implemented.
----------------------------------------------------------------------------------------------------
REPORT:,Input Verification and Results Summary
FOR:,Entire Facility
General

,,Value
,Program Version and Build,EnergyPlus, Version 9.3.0-baff08990c, YMD=2022.01.28 01:05
,RunPeriod,RUN PERIOD 1
,Weather File,Denver-Aurora-Buckley AFB CO USA TMY3 WMO#=724695
,Latitude [deg],39.72
,Longitude [deg],-104.8
,Elevation [m],1726.00
,Time Zone,-7.0
,North Axis Angle [deg],0.00
,Rotation for Appendix G [deg],0.00
,Hours Simulated [hrs],720.00


ENVELOPE
Window-Wall Ratio

,,Total,North (315 to 45 deg),East (45 to 135 deg),South (135 to 225 deg),West (225 to 315 deg)
,Gross Wall Area [m2],1977.67,593.30,395.53,593.30,395.53
,Above Ground Wall Area [m2],1977.67,593.30,395.53,593.30,395.53
,Window Opening Area [m2],652.61,195.78,130.53,195.78,130.53
,Gross Window-Wall Ratio [%],33.00,33.00,33.00,33.00,33.00
,Above Ground Window-Wall Ratio [%],33.00,33.00,33.00,33.00,33.00


Conditioned Window-Wall Ratio

,,Total,North (315 to 45 deg),East (45 to 135 deg),South (135 to 225 deg),West (225 to 315 deg)
,Gross Wall Area [m2],1977.67,593.30,395.53,593.30,395.53
,Above Ground Wall Area [m2],1977.67,593.30,395.53,593.30,395.53
,Window Opening Area [m2],652.61,195.78,130.53,195.78,130.53
,Gross Window-Wall Ratio [%],33.00,33.00,33.00,33.00,33.00
,Above Ground Window-Wall Ratio [%],33.00,33.00,33.00,33.00,33.00


Skylight-Roof Ratio

,,Total
,Gross Roof Area [m2],1660.73
,Skylight Area [m2],0.00
,Skylight-Roof Ratio [%],0.00


PERFORMANCE
Zone Summary

,,Area [m2],Conditioned (Y/N),Part of Total Floor Area (Y/N),Volume [m3],Multipliers,Above Ground Gross Wall Area [m2],Underground Gross Wall Area [m2],Window Glass Area [m2],Opening Area [m2],Lighting [W/m2],People [m2 per person],Plug and Process [W/m2]
,CORE_BOTTOM,983.54,Yes,Yes,2698.04,1.00,0.00,0.00,0.00,0.00,8.5035,18.58,40.8445
,TOPFLOOR_PLENUM,1660.73,Yes,No,2024.76,1.00,202.84,0.00,0.00,0.00,0.0000,,0.0000
,MIDFLOOR_PLENUM,1660.73,Yes,No,2024.76,1.00,202.84,0.00,0.00,0.00,0.0000,,0.0000
,FIRSTFLOOR_PLENUM,1660.73,Yes,No,2024.76,1.00,202.84,0.00,0.00,0.00,0.0000,,0.0000
,CORE_MID,983.54,Yes,Yes,2698.04,1.00,0.00,0.00,0.00,0.00,8.5035,18.58,8.0700
,CORE_TOP,983.54,Yes,Yes,2698.04,1.00,0.00,0.00,0.00,0.00,8.5035,18.58,8.0700
,PERIMETER_TOP_ZN_3,207.34,Yes,Yes,568.77,1.00,136.92,0.00,65.26,65.26,8.5035,18.58,8.0700
,PERIMETER_TOP_ZN_2,131.26,Yes,Yes,360.08,1.00,91.28,0.00,43.51,43.51,8.5035,18.58,8.0695
,PERIMETER_TOP_ZN_1,207.34,Yes,Yes,568.77,1.00,136.92,0.00,65.26,65.26,8.5035,18.58,8.0699
,PERIMETER_TOP_ZN_4,131.25,Yes,Yes,360.05,1.00,91.28,0.00,43.51,43.51,8.5035,18.58,8.0700
,PERIMETER_BOT_ZN_3,207.34,Yes,Yes,568.77,1.00,136.92,0.00,65.26,65.26,8.5035,18.58,8.0700
,PERIMETER_BOT_ZN_2,131.26,Yes,Yes,360.08,1.00,91.28,0.00,43.51,43.51,8.5035,18.58,8.0695
,PERIMETER_BOT_ZN_1,207.34,Yes,Yes,568.77,1.00,136.92,0.00,65.26,65.26,8.5035,18.58,8.0699
,PERIMETER_BOT_ZN_4,131.25,Yes,Yes,360.05,1.00,91.28,0.00,43.51,43.51,8.5035,18.58,8.0700
,PERIMETER_MID_ZN_3,207.34,Yes,Yes,568.77,1.00,136.92,0.00,65.26,65.26,8.5035,18.58,8.0700
,PERIMETER_MID_ZN_2,131.26,Yes,Yes,360.08,1.00,91.28,0.00,43.51,43.51,8.5035,18.58,8.0695
,PERIMETER_MID_ZN_1,207.34,Yes,Yes,568.77,1.00,136.92,0.00,65.26,65.26,8.5035,18.58,8.0699
,PERIMETER_MID_ZN_4,131.25,Yes,Yes,360.05,1.00,91.28,0.00,43.51,43.51,8.5035,18.58,8.0700
,Total,4982.19,,,13667.13,,1369.16,0.00,652.61,652.61,8.5035,18.58,14.5400
,Conditioned Total,4982.19,,,13667.13,,1369.16,0.00,652.61,652.61,8.5035,18.58,14.5400
,Unconditioned Total,0.00,,,0.00,,0.00,0.00,0.00,0.00,,,
,Not Part of Total,4982.19,,,6074.28,,608.51,0.00,0.00,0.00,0.0000,,0.0000


----------------------------------------------------------------------------------------------------
REPORT:,Climatic Data Summary
FOR:,Entire Facility
SizingPeriod:DesignDay

,,Maximum Dry Bulb [C],Daily Temperature Range [deltaC],Humidity Value,Humidity Type,Wind Speed [m/s],Wind Direction
,DENVER-AURORA-BUCKLEY.AFB_CO_USA ANN HTG 99.6% CONDNS DB,-17.90,0.00,-17.90,Wetbulb [C],2.50,180.00
,DENVER-AURORA-BUCKLEY.AFB_CO_USA ANN CLG .4% CONDNS DB=>MWB,33.90,14.80,15.00,Wetbulb [C],3.60,30.00


Weather Statistics File

,,Value
,None,


----------------------------------------------------------------------------------------------------
REPORT:,Envelope Summary
FOR:,Entire Facility
Opaque Exterior

,,Construction,Reflectance,U-Factor with Film [W/m2-K],U-Factor no Film [W/m2-K],Gross Area [m2],Net Area [m2],Azimuth [deg],Tilt [deg],Cardinal Direction
,CORE_BOT_ZN_5_FLOOR,EXT_SLAB_8IN_WITH_CARPET,0.30,2.144,3.285,983.54,983.54,0.00,180.00,
,PERIMETER_TOP_PLENUM_WALL_NORTH,NONRES_EXT_WALL,0.30,0.312,0.328,60.85,60.85,0.00,90.00,N
,PERIMETER_TOP_PLENUM_WALL_EAST,NONRES_EXT_WALL,0.30,0.312,0.328,40.57,40.57,90.00,90.00,E
,PERIMETER_TOP_PLENUM_WALL_SOUTH,NONRES_EXT_WALL,0.30,0.312,0.328,60.85,60.85,180.00,90.00,S
,PERIMETER_TOP_PLENUM_WALL_WEST,NONRES_EXT_WALL,0.30,0.312,0.328,40.57,40.57,270.00,90.00,W
,BUILDING_ROOF,NONRES_ROOF,0.30,0.182,0.186,1660.73,1660.73,0.00,0.00,
,PERIMETER_MID_PLENUM_WALL_NORTH,NONRES_EXT_WALL,0.30,0.312,0.328,60.85,60.85,0.00,90.00,N
,PERIMETER_MID_PLENUM_WALL_EAST,NONRES_EXT_WALL,0.30,0.312,0.328,40.57,40.57,90.00,90.00,E
,PERIMETER_MID_PLENUM_WALL_SOUTH,NONRES_EXT_WALL,0.30,0.312,0.328,60.85,60.85,180.00,90.00,S
,PERIMETER_MID_PLENUM_WALL_WEST,NONRES_EXT_WALL,0.30,0.312,0.328,40.57,40.57,270.00,90.00,W
,PERIMETER_BOT_PLENUM_WALL_NORTH,NONRES_EXT_WALL,0.30,0.312,0.328,60.85,60.85,0.00,90.00,N
,PERIMETER_BOT_PLENUM_WALL_EAST,NONRES_EXT_WALL,0.30,0.312,0.328,40.57,40.57,90.00,90.00,E
,PERIMETER_BOT_PLENUM_WALL_SOUTH,NONRES_EXT_WALL,0.30,0.312,0.328,60.85,60.85,180.00,90.00,S
,PERIMETER_BOT_PLENUM_WALL_WEST,NONRES_EXT_WALL,0.30,0.312,0.328,40.57,40.57,270.00,90.00,W
,PERIMETER_TOP_ZN_3_WALL_NORTH,NONRES_EXT_WALL,0.30,0.312,0.328,136.92,71.65,0.00,90.00,N
,PERIMETER_TOP_ZN_2_WALL_EAST,NONRES_EXT_WALL,0.30,0.312,0.328,91.28,47.77,90.00,90.00,E
,PERIMETER_TOP_ZN_1_WALL_SOUTH,NONRES_EXT_WALL,0.30,0.312,0.328,136.92,71.65,180.00,90.00,S
,PERIMETER_TOP_ZN_4_WALL_WEST,NONRES_EXT_WALL,0.30,0.312,0.328,91.28,47.77,270.00,90.00,W
,PERIMETER_BOT_ZN_3_WALL_NORTH,NONRES_EXT_WALL,0.30,0.312,0.328,136.92,67.76,0.00,90.00,N
,PERIMETER_BOT_ZN_3_FLOOR,EXT_SLAB_8IN_WITH_CARPET,0.30,2.144,3.285,207.34,207.34,0.00,180.00,
,PERIMETER_BOT_ZN_2_WALL_EAST,NONRES_EXT_WALL,0.30,0.312,0.328,91.28,45.82,90.00,90.00,E
,PERIMETER_BOT_ZN_2_FLOOR,EXT_SLAB_8IN_WITH_CARPET,0.30,2.144,3.285,131.26,131.26,90.00,180.00,
,PERIMETER_BOT_ZN_1_WALL_SOUTH,NONRES_EXT_WALL,0.30,0.312,0.328,136.92,67.76,180.00,90.00,S
,PERIMETER_BOT_ZN_1_FLOOR,EXT_SLAB_8IN_WITH_CARPET,0.30,2.144,3.285,207.34,207.34,180.00,180.00,
,PERIMETER_BOT_ZN_4_WALL_WEST,NONRES_EXT_WALL,0.30,0.312,0.328,91.28,45.82,270.00,90.00,W
,PERIMETER_BOT_ZN_4_FLOOR,EXT_SLAB_8IN_WITH_CARPET,0.30,2.144,3.285,131.25,131.25,270.00,180.00,
,PERIMETER_MID_ZN_3_WALL_NORTH,NONRES_EXT_WALL,0.30,0.312,0.328,136.92,71.65,0.00,90.00,N
,PERIMETER_MID_ZN_2_WALL_EAST,NONRES_EXT_WALL,0.30,0.312,0.328,91.28,47.77,90.00,90.00,E
,PERIMETER_MID_ZN_1_WALL_SOUTH,NONRES_EXT_WALL,0.30,0.312,0.328,136.92,71.65,180.00,90.00,S
,PERIMETER_MID_ZN_4_WALL_WEST,NONRES_EXT_WALL,0.30,0.312,0.328,91.28,47.77,270.00,90.00,W


Exterior Fenestration

,,Construction,Glass Area [m2],Frame Area [m2],Divider Area [m2],Area of One Opening [m2],Area of Multiplied Openings [m2],Glass U-Factor [W/m2-K],Glass SHGC,Glass Visible Transmittance,Frame Conductance [W/m2-K],Divider Conductance [W/m2-K],Shade Control,Parent Surface,Azimuth [deg],Tilt [deg],Cardinal Direction
,PERIMETER_TOP_ZN_3_WALL_NORTH_WINDOW,WINDOW_U_0.41_SHGC_0.38,65.26,0.00,0.00,65.26,65.26,2.245,0.365,0.452,,,No,PERIMETER_TOP_ZN_3_WALL_NORTH,0.00,90.00,N
,PERIMETER_TOP_ZN_2_WALL_EAST_WINDOW,WINDOW_U_0.41_SHGC_0.38,43.51,0.00,0.00,43.51,43.51,2.245,0.365,0.452,,,No,PERIMETER_TOP_ZN_2_WALL_EAST,90.00,90.00,E
,PERIMETER_TOP_ZN_1_WALL_SOUTH_WINDOW,WINDOW_U_0.41_SHGC_0.38,65.26,0.00,0.00,65.26,65.26,2.245,0.365,0.452,,,No,PERIMETER_TOP_ZN_1_WALL_SOUTH,180.00,90.00,S
,PERIMETER_TOP_ZN_4_WALL_WEST_WINDOW,WINDOW_U_0.41_SHGC_0.38,43.51,0.00,0.00,43.51,43.51,2.245,0.365,0.452,,,No,PERIMETER_TOP_ZN_4_WALL_WEST,270.00,90.00,W
,PERIMETER_BOT_ZN_3_WALL_NORTH_WINDOW1,WINDOW_U_0.41_SHGC_0.38,21.75,0.00,0.00,21.75,21.75,2.245,0.365,0.452,,,No,PERIMETER_BOT_ZN_3_WALL_NORTH,0.00,90.00,N
,PERIMETER_BOT_ZN_3_WALL_NORTH_WINDOW2,WINDOW_U_0.41_SHGC_0.38,21.75,0.00,0.00,21.75,21.75,2.245,0.365,0.452,,,No,PERIMETER_BOT_ZN_3_WALL_NORTH,0.00,90.00,N
,PERIMETER_BOT_ZN_3_WALL_NORTH_WINDOW3,WINDOW_U_0.41_SHGC_0.38,21.75,0.00,0.00,21.75,21.75,2.245,0.365,0.452,,,No,PERIMETER_BOT_ZN_3_WALL_NORTH,0.00,90.00,N
,PERIMETER_BOT_ZN_2_WALL_EAST_WINDOW1,WINDOW_U_0.41_SHGC_0.38,41.86,0.00,0.00,41.86,41.86,2.245,0.365,0.452,,,No,PERIMETER_BOT_ZN_2_WALL_EAST,90.00,90.00,E
,PERIMETER_BOT_ZN_2_WALL_EAST_WINDOW2,WINDOW_U_0.41_SHGC_0.38,1.65,0.00,0.00,1.65,1.65,2.245,0.365,0.452,,,No,PERIMETER_BOT_ZN_2_WALL_EAST,90.00,90.00,E
,PERIMETER_BOT_ZN_1_WALL_SOUTH_WINDOW1,WINDOW_U_0.41_SHGC_0.38,21.75,0.00,0.00,21.75,21.75,2.245,0.365,0.452,,,No,PERIMETER_BOT_ZN_1_WALL_SOUTH,180.00,90.00,S
,PERIMETER_BOT_ZN_1_WALL_SOUTH_WINDOW2,WINDOW_U_0.41_SHGC_0.38,21.75,0.00,0.00,21.75,21.75,2.245,0.365,0.452,,,No,PERIMETER_BOT_ZN_1_WALL_SOUTH,180.00,90.00,S
,PERIMETER_BOT_ZN_1_WALL_SOUTH_WINDOW3,WINDOW_U_0.41_SHGC_0.38,21.75,0.00,0.00,21.75,21.75,2.245,0.365,0.452,,,No,PERIMETER_BOT_ZN_1_WALL_SOUTH,180.00,90.00,S
,PERIMETER_BOT_ZN_4_WALL_WEST_WINDOW1,WINDOW_U_0.41_SHGC_0.38,41.86,0.00,0.00,41.86,41.86,2.245,0.365,0.452,,,No,PERIMETER_BOT_ZN_4_WALL_WEST,270.00,90.00,W
,PERIMETER_BOT_ZN_4_WALL_WEST_WINDOW2,WINDOW_U_0.41_SHGC_0.38,1.65,0.00,0.00,1.65,1.65,2.245,0.365,0.452,,,No,PERIMETER_BOT_ZN_4_WALL_WEST,270.00,90.00,W
,PERIMETER_MID_ZN_3_WALL_NORTH_WINDOW,WINDOW_U_0.41_SHGC_0.38,65.26,0.00,0.00,65.26,65.26,2.245,0.365,0.452,,,No,PERIMETER_MID_ZN_3_WALL_NORTH,0.00,90.00,N
,PERIMETER_MID_ZN_2_WALL_EAST_WINDOW,WINDOW_U_0.41_SHGC_0.38,43.51,0.00,0.00,43.51,43.51,2.245,0.365,0.452,,,No,PERIMETER_MID_ZN_2_WALL_EAST,90.00,90.00,E
,PERIMETER_MID_ZN_1_WALL_SOUTH_WINDOW,WINDOW_U_0.41_SHGC_0.38,65.26,0.00,0.00,65.26,65.26,2.245,0.365,0.452,,,No,PERIMETER_MID_ZN_1_WALL_SOUTH,180.00,90.00,S
,PERIMETER_MID_ZN_4_WALL_WEST_WINDOW,WINDOW_U_0.41_SHGC_0.38,43.51,0.00,0.00,43.51,43.51,2.245,0.365,0.452,,,No,PERIMETER_MID_ZN_4_WALL_WEST,270.00,90.00,W
,Total or Average,,,,,,652.61,2.245,0.365,0.452,,,,,,,
,North Total or Average,,,,,,195.78,2.245,0.365,0.452,,,,,,,
,Non-North Total or Average,,,,,,456.83,2.245,0.365,0.452,,,,,,,


Interior Fenestration

,,Construction,Area of One Opening [m2],Area of Openings [m2],Glass U-Factor [W/m2-K],Glass SHGC,Glass Visible Transmittance,Parent Surface
,Total or Average,,,0.00,-,-,-,


Exterior Door

,,Construction,U-Factor with Film [W/m2-K],U-Factor no Film [W/m2-K],Gross Area [m2],Parent Surface
,PERIMETER_BOT_ZN_3_WALL_NORTH_DOOR1,SWINGING DOOR_CON,1.598,2.101,1.95,PERIMETER_BOT_ZN_3_WALL_NORTH
,PERIMETER_BOT_ZN_3_WALL_NORTH_DOOR2,SWINGING DOOR_CON,1.598,2.101,1.95,PERIMETER_BOT_ZN_3_WALL_NORTH
,PERIMETER_BOT_ZN_2_WALL_EAST_DOOR,SWINGING DOOR_CON,1.598,2.101,1.95,PERIMETER_BOT_ZN_2_WALL_EAST
,PERIMETER_BOT_ZN_1_WALL_SOUTH_DOOR1,SWINGING DOOR_CON,1.598,2.101,1.95,PERIMETER_BOT_ZN_1_WALL_SOUTH
,PERIMETER_BOT_ZN_1_WALL_SOUTH_DOOR2,SWINGING DOOR_CON,1.598,2.101,1.95,PERIMETER_BOT_ZN_1_WALL_SOUTH
,PERIMETER_BOT_ZN_4_WALL_WEST_DOOR,SWINGING DOOR_CON,1.598,2.101,1.95,PERIMETER_BOT_ZN_4_WALL_WEST


----------------------------------------------------------------------------------------------------
REPORT:,Equipment Summary
FOR:,Entire Facility
Central Plant

,,Type,Nominal Capacity [W],Nominal Efficiency [W/W],IPLV in SI Units [W/W],IPLV in IP Units [Btu/W-h]
,None,,,,,


Cooling Coils

,,Type,Design Coil Load [W],Nominal Total Capacity [W],Nominal Sensible Capacity [W],Nominal Latent Capacity [W],Nominal Sensible Heat Ratio,Nominal Efficiency [W/W],Nominal Coil UA Value [W/C],Nominal Coil Surface Area [m2]
,PACU_VAV_BOT_COOLC DXCOIL,Coil:Cooling:DX:TwoSpeed,,94976.82,76043.69,18933.13,0.80,3.40,,
,PACU_VAV_MID_COOLC DXCOIL,Coil:Cooling:DX:TwoSpeed,,85535.36,68484.33,17051.02,0.80,3.40,,
,PACU_VAV_TOP_COOLC DXCOIL,Coil:Cooling:DX:TwoSpeed,,98050.72,78504.83,19545.90,0.80,3.40,,
Nominal values are gross at rated conditions, i.e., the supply air fan heat and electric power NOT accounted for.


DX Cooling Coils

,,DX Cooling Coil Type,Standard Rated Net Cooling Capacity [W],Standard Rated Net COP [W/W],EER [Btu/W-h],SEER [Btu/W-h],IEER [Btu/W-h]
,PACU_VAV_BOT_COOLC DXCOIL,,93342.5,2.80,9.54,N/A,11.37
,PACU_VAV_MID_COOLC DXCOIL,,84063.5,2.80,9.54,N/A,11.37
,PACU_VAV_TOP_COOLC DXCOIL,,96363.5,2.80,9.54,N/A,11.37
ANSI/AHRI ratings include supply fan


DX Cooling Coil ASHRAE 127 Standard Ratings Report

,,DX Cooling Coil Type,Rated Net Cooling Capacity Test A [W],Rated Electric Power Test A [W],Rated Net Cooling Capacity Test B [W],Rated Electric Power Test B [W],Rated Net Cooling Capacity Test C [W],Rated Electric Power Test C [W],Rated Net Cooling Capacity Test D [W],Rated Electric Power Test D [W]
,PACU_VAV_BOT_COOLC DXCOIL,Coil:Cooling:DX:TwoSpeed,,,,,,,,
,PACU_VAV_MID_COOLC DXCOIL,Coil:Cooling:DX:TwoSpeed,,,,,,,,
,PACU_VAV_TOP_COOLC DXCOIL,Coil:Cooling:DX:TwoSpeed,,,,,,,,


DX Heating Coils

,,DX Heating Coil Type,High Temperature Heating (net) Rating Capacity [W],Low Temperature Heating (net) Rating Capacity [W],HSPF [Btu/W-h],Region Number
,None,,,,,


Heating Coils

,,Type,Design Coil Load [W],Nominal Total Capacity [W],Nominal Efficiency [W/W]
,CORE_BOTTOM VAV BOX REHEAT COIL,Coil:Heating:Electric,,28853.50,1.00
,CORE_MID VAV BOX REHEAT COIL,Coil:Heating:Electric,,21449.63,1.00
,CORE_TOP VAV BOX REHEAT COIL,Coil:Heating:Electric,,33041.24,1.00
,PERIMETER_TOP_ZN_3 VAV BOX REHEAT COIL,Coil:Heating:Electric,,14510.21,1.00
,PERIMETER_TOP_ZN_2 VAV BOX REHEAT COIL,Coil:Heating:Electric,,9641.60,1.00
,PERIMETER_TOP_ZN_1 VAV BOX REHEAT COIL,Coil:Heating:Electric,,14776.99,1.00
,PERIMETER_TOP_ZN_4 VAV BOX REHEAT COIL,Coil:Heating:Electric,,9641.43,1.00
,PERIMETER_BOT_ZN_3 VAV BOX REHEAT COIL,Coil:Heating:Electric,,9532.58,1.00
,PERIMETER_BOT_ZN_2 VAV BOX REHEAT COIL,Coil:Heating:Electric,,6750.81,1.00
,PERIMETER_BOT_ZN_1 VAV BOX REHEAT COIL,Coil:Heating:Electric,,9858.85,1.00
,PERIMETER_BOT_ZN_4 VAV BOX REHEAT COIL,Coil:Heating:Electric,,7146.91,1.00
,PERIMETER_MID_ZN_3 VAV BOX REHEAT COIL,Coil:Heating:Electric,,11356.62,1.00
,PERIMETER_MID_ZN_2 VAV BOX REHEAT COIL,Coil:Heating:Electric,,7658.72,1.00
,PERIMETER_MID_ZN_1 VAV BOX REHEAT COIL,Coil:Heating:Electric,,11642.39,1.00
,PERIMETER_MID_ZN_4 VAV BOX REHEAT COIL,Coil:Heating:Electric,,7830.31,1.00
,PACU_VAV_BOT_HEATC,Coil:Heating:Fuel,,32645.83,0.80
,PACU_VAV_MID_HEATC,Coil:Heating:Fuel,,33934.62,0.80
,PACU_VAV_TOP_HEATC,Coil:Heating:Fuel,,32977.76,0.80


Fans

,,Type,Total Efficiency [W/W],Delta Pressure [pa],Max Air Flow Rate [m3/s],Rated Electric Power [W],Rated Power Per Max Air Flow Rate [W-s/m3],Motor Heat In Air Fraction,Fan Energy Index,End Use Subcategory,Design Day Name for Fan Sizing Peak,Date/Time for Fan Sizing Peak
,PACU_VAV_BOT FAN,Fan:VariableVolume,0.60,1314.72,5.74,12478.53,2174.89,1.00,1.13,General,DENVER-AURORA-BUCKLEY.AFB_CO_USA ANN CLG .4% CONDNS DB=>MWB,7/21 15:45:00
,PACU_VAV_MID FAN,Fan:VariableVolume,0.60,1389.42,5.17,11876.59,2298.46,1.00,1.13,General,DENVER-AURORA-BUCKLEY.AFB_CO_USA ANN CLG .4% CONDNS DB=>MWB,7/21 15:45:00
,PACU_VAV_TOP FAN,Fan:VariableVolume,0.60,1314.72,5.92,12882.39,2174.89,1.00,1.13,General,DENVER-AURORA-BUCKLEY.AFB_CO_USA ANN CLG .4% CONDNS DB=>MWB,7/21 15:45:00


Pumps

,,Type,Control,Head [pa],Water Flow [m3/s],Electric Power [W],Power Per Water Flow Rate [W-s/m3],Motor Efficiency [W/W],End Use Subcategory
,SHWSYS1 PUMP,Pump:ConstantSpeed,Intermittent,29891.00,0.000054,6.85,127739.32,0.30,General


Service Water Heating

,,Type,Storage Volume [m3],Input [W],Thermal Efficiency [W/W],Recovery Efficiency [W/W],Energy Factor
,SHWSYS1 WATER HEATER,WaterHeater:Mixed,0.38,29307.11,0.81,1.11,0.23


VAV DX Cooling Standard Rating Details

,,DX Cooling Coil Type,Assocated Fan,Net Cooling Capacity [W],COP [W/W],EER [Btu/W-h],IEER [Btu/W-h],Supply Air Flow 100% [kg/s],COP 75% Capacity [W/W],EER 75% Capacity [Btu/W-h],Supply Air Flow 75% [kg/s],COP 50% Capacity [W/W],EER 50% Capacity [Btu/W-h],Supply Air Flow 50% [kg/s],COP 25% Capacity [W/W],EER 25% Capacity [Btu/W-h],Supply Air Flow 25% [kg/s]
,PACU_VAV_BOT_COOLC DXCOIL,Coil:Cooling:DX:TwoSpeed,None,93342.50,2.80,9.54,11.37,5.3861,3.24,11.06,3.9832,3.48,11.88,2.4845,3.58,12.21,1.1272
,PACU_VAV_MID_COOLC DXCOIL,Coil:Cooling:DX:TwoSpeed,None,84063.51,2.80,9.54,11.37,4.8506,3.24,11.06,3.5873,3.48,11.88,2.2376,3.58,12.21,1.0152
,PACU_VAV_TOP_COOLC DXCOIL,Coil:Cooling:DX:TwoSpeed,None,96363.51,2.80,9.54,11.37,5.5604,3.24,11.06,4.1121,3.48,11.88,2.5649,3.58,12.21,1.1637
Indoor-coil-only unit ratings per ANSI/AHRI Standard 340/360-2007 with Addenda 1 and 2, with supply fan specific power at 365 {{W/1000cfm}} (773.3 {{W/(m3/s)}})


----------------------------------------------------------------------------------------------------
REPORT:,MONTHLY INDOOR TEMP
FOR:,CORE_BOTTOM
Custom Monthly Report

,,ZONE MEAN AIR TEMPERATURE [C],SITE OUTDOOR AIR DRYBULB TEMPERATURE [C]
,January,-,-
,February,-,-
,March,-,-
,April,-,-
,May,-,-
,June,-,-
,July,24.13,22.80
,August,-,-
,September,-,-
,October,-,-
,November,-,-
,December,-,-
,,,
,Annual Sum or Average,24.13,22.80
,Minimum of Months,24.13,22.80
,Maximum of Months,24.13,22.80


----------------------------------------------------------------------------------------------------
REPORT:,MONTHLY INDOOR TEMP
FOR:,TOPFLOOR_PLENUM
Custom Monthly Report

,,ZONE MEAN AIR TEMPERATURE [C],SITE OUTDOOR AIR DRYBULB TEMPERATURE [C]
,January,-,-
,February,-,-
,March,-,-
,April,-,-
,May,-,-
,June,-,-
,July,24.83,22.80
,August,-,-
,September,-,-
,October,-,-
,November,-,-
,December,-,-
,,,
,Annual Sum or Average,24.83,22.80
,Minimum of Months,24.83,22.80
,Maximum of Months,24.83,22.80


----------------------------------------------------------------------------------------------------
REPORT:,MONTHLY INDOOR TEMP
FOR:,MIDFLOOR_PLENUM
Custom Monthly Report

,,ZONE MEAN AIR TEMPERATURE [C],SITE OUTDOOR AIR DRYBULB TEMPERATURE [C]
,January,-,-
,February,-,-
,March,-,-
,April,-,-
,May,-,-
,June,-,-
,July,24.86,22.80
,August,-,-
,September,-,-
,October,-,-
,November,-,-
,December,-,-
,,,
,Annual Sum or Average,24.86,22.80
,Minimum of Months,24.86,22.80
,Maximum of Months,24.86,22.80


----------------------------------------------------------------------------------------------------
REPORT:,MONTHLY INDOOR TEMP
FOR:,FIRSTFLOOR_PLENUM
Custom Monthly Report

,,ZONE MEAN AIR TEMPERATURE [C],SITE OUTDOOR AIR DRYBULB TEMPERATURE [C]
,January,-,-
,February,-,-
,March,-,-
,April,-,-
,May,-,-
,June,-,-
,July,24.62,22.80
,August,-,-
,September,-,-
,October,-,-
,November,-,-
,December,-,-
,,,
,Annual Sum or Average,24.62,22.80
,Minimum of Months,24.62,22.80
,Maximum of Months,24.62,22.80


----------------------------------------------------------------------------------------------------
REPORT:,MONTHLY INDOOR TEMP
FOR:,CORE_MID
Custom Monthly Report

,,ZONE MEAN AIR TEMPERATURE [C],SITE OUTDOOR AIR DRYBULB TEMPERATURE [C]
,January,-,-
,February,-,-
,March,-,-
,April,-,-
,May,-,-
,June,-,-
,July,24.55,22.80
,August,-,-
,September,-,-
,October,-,-
,November,-,-
,December,-,-
,,,
,Annual Sum or Average,24.55,22.80
,Minimum of Months,24.55,22.80
,Maximum of Months,24.55,22.80


----------------------------------------------------------------------------------------------------
REPORT:,MONTHLY INDOOR TEMP
FOR:,CORE_TOP
Custom Monthly Report

,,ZONE MEAN AIR TEMPERATURE [C],SITE OUTDOOR AIR DRYBULB TEMPERATURE [C]
,January,-,-
,February,-,-
,March,-,-
,April,-,-
,May,-,-
,June,-,-
,July,24.51,22.80
,August,-,-
,September,-,-
,October,-,-
,November,-,-
,December,-,-
,,,
,Annual Sum or Average,24.51,22.80
,Minimum of Months,24.51,22.80
,Maximum of Months,24.51,22.80


----------------------------------------------------------------------------------------------------
REPORT:,MONTHLY INDOOR TEMP
FOR:,PERIMETER_TOP_ZN_3
Custom Monthly Report

,,ZONE MEAN AIR TEMPERATURE [C],SITE OUTDOOR AIR DRYBULB TEMPERATURE [C]
,January,-,-
,February,-,-
,March,-,-
,April,-,-
,May,-,-
,June,-,-
,July,24.30,22.80
,August,-,-
,September,-,-
,October,-,-
,November,-,-
,December,-,-
,,,
,Annual Sum or Average,24.30,22.80
,Minimum of Months,24.30,22.80
,Maximum of Months,24.30,22.80


----------------------------------------------------------------------------------------------------
REPORT:,MONTHLY INDOOR TEMP
FOR:,PERIMETER_TOP_ZN_2
Custom Monthly Report

,,ZONE MEAN AIR TEMPERATURE [C],SITE OUTDOOR AIR DRYBULB TEMPERATURE [C]
,January,-,-
,February,-,-
,March,-,-
,April,-,-
,May,-,-
,June,-,-
,July,24.20,22.80
,August,-,-
,September,-,-
,October,-,-
,November,-,-
,December,-,-
,,,
,Annual Sum or Average,24.20,22.80
,Minimum of Months,24.20,22.80
,Maximum of Months,24.20,22.80


----------------------------------------------------------------------------------------------------
REPORT:,MONTHLY INDOOR TEMP
FOR:,PERIMETER_TOP_ZN_1
Custom Monthly Report

,,ZONE MEAN AIR TEMPERATURE [C],SITE OUTDOOR AIR DRYBULB TEMPERATURE [C]
,January,-,-
,February,-,-
,March,-,-
,April,-,-
,May,-,-
,June,-,-
,July,24.16,22.80
,August,-,-
,September,-,-
,October,-,-
,November,-,-
,December,-,-
,,,
,Annual Sum or Average,24.16,22.80
,Minimum of Months,24.16,22.80
,Maximum of Months,24.16,22.80


----------------------------------------------------------------------------------------------------
REPORT:,MONTHLY INDOOR TEMP
FOR:,PERIMETER_TOP_ZN_4
Custom Monthly Report

,,ZONE MEAN AIR TEMPERATURE [C],SITE OUTDOOR AIR DRYBULB TEMPERATURE [C]
,January,-,-
,February,-,-
,March,-,-
,April,-,-
,May,-,-
,June,-,-
,July,23.96,22.80
,August,-,-
,September,-,-
,October,-,-
,November,-,-
,December,-,-
,,,
,Annual Sum or Average,23.96,22.80
,Minimum of Months,23.96,22.80
,Maximum of Months,23.96,22.80


----------------------------------------------------------------------------------------------------
REPORT:,MONTHLY INDOOR TEMP
FOR:,PERIMETER_BOT_ZN_3
Custom Monthly Report

,,ZONE MEAN AIR TEMPERATURE [C],SITE OUTDOOR AIR DRYBULB TEMPERATURE [C]
,January,-,-
,February,-,-
,March,-,-
,April,-,-
,May,-,-
,June,-,-
,July,24.08,22.80
,August,-,-
,September,-,-
,October,-,-
,November,-,-
,December,-,-
,,,
,Annual Sum or Average,24.08,22.80
,Minimum of Months,24.08,22.80
,Maximum of Months,24.08,22.80


----------------------------------------------------------------------------------------------------
REPORT:,MONTHLY INDOOR TEMP
FOR:,PERIMETER_BOT_ZN_2
Custom Monthly Report

,,ZONE MEAN AIR TEMPERATURE [C],SITE OUTDOOR AIR DRYBULB TEMPERATURE [C]
,January,-,-
,February,-,-
,March,-,-
,April,-,-
,May,-,-
,June,-,-
,July,23.93,22.80
,August,-,-
,September,-,-
,October,-,-
,November,-,-
,December,-,-
,,,
,Annual Sum or Average,23.93,22.80
,Minimum of Months,23.93,22.80
,Maximum of Months,23.93,22.80


----------------------------------------------------------------------------------------------------
REPORT:,MONTHLY INDOOR TEMP
FOR:,PERIMETER_BOT_ZN_1
Custom Monthly Report

,,ZONE MEAN AIR TEMPERATURE [C],SITE OUTDOOR AIR DRYBULB TEMPERATURE [C]
,January,-,-
,February,-,-
,March,-,-
,April,-,-
,May,-,-
,June,-,-
,July,23.90,22.80
,August,-,-
,September,-,-
,October,-,-
,November,-,-
,December,-,-
,,,
,Annual Sum or Average,23.90,22.80
,Minimum of Months,23.90,22.80
,Maximum of Months,23.90,22.80


----------------------------------------------------------------------------------------------------
REPORT:,MONTHLY INDOOR TEMP
FOR:,PERIMETER_BOT_ZN_4
Custom Monthly Report

,,ZONE MEAN AIR TEMPERATURE [C],SITE OUTDOOR AIR DRYBULB TEMPERATURE [C]
,January,-,-
,February,-,-
,March,-,-
,April,-,-
,May,-,-
,June,-,-
,July,23.75,22.80
,August,-,-
,September,-,-
,October,-,-
,November,-,-
,December,-,-
,,,
,Annual Sum or Average,23.75,22.80
,Minimum of Months,23.75,22.80
,Maximum of Months,23.75,22.80


----------------------------------------------------------------------------------------------------
REPORT:,MONTHLY INDOOR TEMP
FOR:,PERIMETER_MID_ZN_3
Custom Monthly Report

,,ZONE MEAN AIR TEMPERATURE [C],SITE OUTDOOR AIR DRYBULB TEMPERATURE [C]
,January,-,-
,February,-,-
,March,-,-
,April,-,-
,May,-,-
,June,-,-
,July,24.40,22.80
,August,-,-
,September,-,-
,October,-,-
,November,-,-
,December,-,-
,,,
,Annual Sum or Average,24.40,22.80
,Minimum of Months,24.40,22.80
,Maximum of Months,24.40,22.80


----------------------------------------------------------------------------------------------------
REPORT:,MONTHLY INDOOR TEMP
FOR:,PERIMETER_MID_ZN_2
Custom Monthly Report

,,ZONE MEAN AIR TEMPERATURE [C],SITE OUTDOOR AIR DRYBULB TEMPERATURE [C]
,January,-,-
,February,-,-
,March,-,-
,April,-,-
,May,-,-
,June,-,-
,July,24.23,22.80
,August,-,-
,September,-,-
,October,-,-
,November,-,-
,December,-,-
,,,
,Annual Sum or Average,24.23,22.80
,Minimum of Months,24.23,22.80
,Maximum of Months,24.23,22.80


----------------------------------------------------------------------------------------------------
REPORT:,MONTHLY INDOOR TEMP
FOR:,PERIMETER_MID_ZN_1
Custom Monthly Report

,,ZONE MEAN AIR TEMPERATURE [C],SITE OUTDOOR AIR DRYBULB TEMPERATURE [C]
,January,-,-
,February,-,-
,March,-,-
,April,-,-
,May,-,-
,June,-,-
,July,24.12,22.80
,August,-,-
,September,-,-
,October,-,-
,November,-,-
,December,-,-
,,,
,Annual Sum or Average,24.12,22.80
,Minimum of Months,24.12,22.80
,Maximum of Months,24.12,22.80


----------------------------------------------------------------------------------------------------
REPORT:,MONTHLY INDOOR TEMP
FOR:,PERIMETER_MID_ZN_4
Custom Monthly Report

,,ZONE MEAN AIR TEMPERATURE [C],SITE OUTDOOR AIR DRYBULB TEMPERATURE [C]
,January,-,-
,February,-,-
,March,-,-
,April,-,-
,May,-,-
,June,-,-
,July,24.08,22.80
,August,-,-
,September,-,-
,October,-,-
,November,-,-
,December,-,-
,,,
,Annual Sum or Average,24.08,22.80
,Minimum of Months,24.08,22.80
,Maximum of Months,24.08,22.80


----------------------------------------------------------------------------------------------------
REPORT:,OUTDOOR AIR SUMMARY
FOR:,CORE_BOTTOM
Custom Monthly Report

,,ZONE PEOPLE OCCUPANT COUNT {HOURS NON-ZERO} [HOURS],ZONE PEOPLE OCCUPANT COUNT {FOR HOURS SHOWN} [],ZONE MECHANICAL VENTILATION AIR CHANGES PER HOUR {FOR HOURS SHOWN} [ach],ZONE INFILTRATION AIR CHANGE RATE []
,January,-,-,-,-
,February,-,-,-,-
,March,-,-,-,-
,April,-,-,-,-
,May,-,-,-,-
,June,-,-,-,-
,July,484.000,21.394,0.913,0.000
,August,-,-,-,-
,September,-,-,-,-
,October,-,-,-,-
,November,-,-,-,-
,December,-,-,-,-
,,,,,
,Annual Sum or Average,484.000,21.394,0.913,0.000
,Minimum of Months,484.000,21.394,0.913,0.000
,Maximum of Months,484.000,21.394,0.913,0.000


----------------------------------------------------------------------------------------------------
REPORT:,OUTDOOR AIR SUMMARY
FOR:,CORE_MID
Custom Monthly Report

,,ZONE PEOPLE OCCUPANT COUNT {HOURS NON-ZERO} [HOURS],ZONE PEOPLE OCCUPANT COUNT {FOR HOURS SHOWN} [],ZONE MECHANICAL VENTILATION AIR CHANGES PER HOUR {FOR HOURS SHOWN} [ach],ZONE INFILTRATION AIR CHANGE RATE []
,January,-,-,-,-
,February,-,-,-,-
,March,-,-,-,-
,April,-,-,-,-
,May,-,-,-,-
,June,-,-,-,-
,July,484.000,21.394,0.666,0.000
,August,-,-,-,-
,September,-,-,-,-
,October,-,-,-,-
,November,-,-,-,-
,December,-,-,-,-
,,,,,
,Annual Sum or Average,484.000,21.394,0.666,0.000
,Minimum of Months,484.000,21.394,0.666,0.000
,Maximum of Months,484.000,21.394,0.666,0.000


----------------------------------------------------------------------------------------------------
REPORT:,OUTDOOR AIR SUMMARY
FOR:,CORE_TOP
Custom Monthly Report

,,ZONE PEOPLE OCCUPANT COUNT {HOURS NON-ZERO} [HOURS],ZONE PEOPLE OCCUPANT COUNT {FOR HOURS SHOWN} [],ZONE MECHANICAL VENTILATION AIR CHANGES PER HOUR {FOR HOURS SHOWN} [ach],ZONE INFILTRATION AIR CHANGE RATE []
,January,-,-,-,-
,February,-,-,-,-
,March,-,-,-,-
,April,-,-,-,-
,May,-,-,-,-
,June,-,-,-,-
,July,484.000,21.394,0.723,0.000
,August,-,-,-,-
,September,-,-,-,-
,October,-,-,-,-
,November,-,-,-,-
,December,-,-,-,-
,,,,,
,Annual Sum or Average,484.000,21.394,0.723,0.000
,Minimum of Months,484.000,21.394,0.723,0.000
,Maximum of Months,484.000,21.394,0.723,0.000


----------------------------------------------------------------------------------------------------
REPORT:,OUTDOOR AIR SUMMARY
FOR:,PERIMETER_TOP_ZN_3
Custom Monthly Report

,,ZONE PEOPLE OCCUPANT COUNT {HOURS NON-ZERO} [HOURS],ZONE PEOPLE OCCUPANT COUNT {FOR HOURS SHOWN} [],ZONE MECHANICAL VENTILATION AIR CHANGES PER HOUR {FOR HOURS SHOWN} [ach],ZONE INFILTRATION AIR CHANGE RATE {FOR HOURS SHOWN} [ach]
,January,-,-,-,-
,February,-,-,-,-
,March,-,-,-,-
,April,-,-,-,-
,May,-,-,-,-
,June,-,-,-,-
,July,484.000,4.510,0.999,0.091
,August,-,-,-,-
,September,-,-,-,-
,October,-,-,-,-
,November,-,-,-,-
,December,-,-,-,-
,,,,,
,Annual Sum or Average,484.000,4.510,0.999,0.091
,Minimum of Months,484.000,4.510,0.999,0.091
,Maximum of Months,484.000,4.510,0.999,0.091


----------------------------------------------------------------------------------------------------
REPORT:,OUTDOOR AIR SUMMARY
FOR:,PERIMETER_TOP_ZN_2
Custom Monthly Report

,,ZONE PEOPLE OCCUPANT COUNT {HOURS NON-ZERO} [HOURS],ZONE PEOPLE OCCUPANT COUNT {FOR HOURS SHOWN} [],ZONE MECHANICAL VENTILATION AIR CHANGES PER HOUR {FOR HOURS SHOWN} [ach],ZONE INFILTRATION AIR CHANGE RATE {FOR HOURS SHOWN} [ach]
,January,-,-,-,-
,February,-,-,-,-
,March,-,-,-,-
,April,-,-,-,-
,May,-,-,-,-
,June,-,-,-,-
,July,484.000,2.855,1.797,0.096
,August,-,-,-,-
,September,-,-,-,-
,October,-,-,-,-
,November,-,-,-,-
,December,-,-,-,-
,,,,,
,Annual Sum or Average,484.000,2.855,1.797,0.096
,Minimum of Months,484.000,2.855,1.797,0.096
,Maximum of Months,484.000,2.855,1.797,0.096


----------------------------------------------------------------------------------------------------
REPORT:,OUTDOOR AIR SUMMARY
FOR:,PERIMETER_TOP_ZN_1
Custom Monthly Report

,,ZONE PEOPLE OCCUPANT COUNT {HOURS NON-ZERO} [HOURS],ZONE PEOPLE OCCUPANT COUNT {FOR HOURS SHOWN} [],ZONE MECHANICAL VENTILATION AIR CHANGES PER HOUR {FOR HOURS SHOWN} [ach],ZONE INFILTRATION AIR CHANGE RATE {FOR HOURS SHOWN} [ach]
,January,-,-,-,-
,February,-,-,-,-
,March,-,-,-,-
,April,-,-,-,-
,May,-,-,-,-
,June,-,-,-,-
,July,484.000,4.510,1.258,0.091
,August,-,-,-,-
,September,-,-,-,-
,October,-,-,-,-
,November,-,-,-,-
,December,-,-,-,-
,,,,,
,Annual Sum or Average,484.000,4.510,1.258,0.091
,Minimum of Months,484.000,4.510,1.258,0.091
,Maximum of Months,484.000,4.510,1.258,0.091


----------------------------------------------------------------------------------------------------
REPORT:,OUTDOOR AIR SUMMARY
FOR:,PERIMETER_TOP_ZN_4
Custom Monthly Report

,,ZONE PEOPLE OCCUPANT COUNT {HOURS NON-ZERO} [HOURS],ZONE PEOPLE OCCUPANT COUNT {FOR HOURS SHOWN} [],ZONE MECHANICAL VENTILATION AIR CHANGES PER HOUR {FOR HOURS SHOWN} [ach],ZONE INFILTRATION AIR CHANGE RATE {FOR HOURS SHOWN} [ach]
,January,-,-,-,-
,February,-,-,-,-
,March,-,-,-,-
,April,-,-,-,-
,May,-,-,-,-
,June,-,-,-,-
,July,484.000,2.855,1.727,0.096
,August,-,-,-,-
,September,-,-,-,-
,October,-,-,-,-
,November,-,-,-,-
,December,-,-,-,-
,,,,,
,Annual Sum or Average,484.000,2.855,1.727,0.096
,Minimum of Months,484.000,2.855,1.727,0.096
,Maximum of Months,484.000,2.855,1.727,0.096


----------------------------------------------------------------------------------------------------
REPORT:,OUTDOOR AIR SUMMARY
FOR:,PERIMETER_BOT_ZN_3
Custom Monthly Report

,,ZONE PEOPLE OCCUPANT COUNT {HOURS NON-ZERO} [HOURS],ZONE PEOPLE OCCUPANT COUNT {FOR HOURS SHOWN} [],ZONE MECHANICAL VENTILATION AIR CHANGES PER HOUR {FOR HOURS SHOWN} [ach],ZONE INFILTRATION AIR CHANGE RATE {FOR HOURS SHOWN} [ach]
,January,-,-,-,-
,February,-,-,-,-
,March,-,-,-,-
,April,-,-,-,-
,May,-,-,-,-
,June,-,-,-,-
,July,484.000,4.510,0.688,0.050
,August,-,-,-,-
,September,-,-,-,-
,October,-,-,-,-
,November,-,-,-,-
,December,-,-,-,-
,,,,,
,Annual Sum or Average,484.000,4.510,0.688,0.050
,Minimum of Months,484.000,4.510,0.688,0.050
,Maximum of Months,484.000,4.510,0.688,0.050


----------------------------------------------------------------------------------------------------
REPORT:,OUTDOOR AIR SUMMARY
FOR:,PERIMETER_BOT_ZN_2
Custom Monthly Report

,,ZONE PEOPLE OCCUPANT COUNT {HOURS NON-ZERO} [HOURS],ZONE PEOPLE OCCUPANT COUNT {FOR HOURS SHOWN} [],ZONE MECHANICAL VENTILATION AIR CHANGES PER HOUR {FOR HOURS SHOWN} [ach],ZONE INFILTRATION AIR CHANGE RATE {FOR HOURS SHOWN} [ach]
,January,-,-,-,-
,February,-,-,-,-
,March,-,-,-,-
,April,-,-,-,-
,May,-,-,-,-
,June,-,-,-,-
,July,484.000,2.855,1.476,0.052
,August,-,-,-,-
,September,-,-,-,-
,October,-,-,-,-
,November,-,-,-,-
,December,-,-,-,-
,,,,,
,Annual Sum or Average,484.000,2.855,1.476,0.052
,Minimum of Months,484.000,2.855,1.476,0.052
,Maximum of Months,484.000,2.855,1.476,0.052


----------------------------------------------------------------------------------------------------
REPORT:,OUTDOOR AIR SUMMARY
FOR:,PERIMETER_BOT_ZN_1
Custom Monthly Report

,,ZONE PEOPLE OCCUPANT COUNT {HOURS NON-ZERO} [HOURS],ZONE PEOPLE OCCUPANT COUNT {FOR HOURS SHOWN} [],ZONE MECHANICAL VENTILATION AIR CHANGES PER HOUR {FOR HOURS SHOWN} [ach],ZONE INFILTRATION AIR CHANGE RATE {FOR HOURS SHOWN} [ach]
,January,-,-,-,-
,February,-,-,-,-
,March,-,-,-,-
,April,-,-,-,-
,May,-,-,-,-
,June,-,-,-,-
,July,484.000,4.510,0.950,0.810
,August,-,-,-,-
,September,-,-,-,-
,October,-,-,-,-
,November,-,-,-,-
,December,-,-,-,-
,,,,,
,Annual Sum or Average,484.000,4.510,0.950,0.810
,Minimum of Months,484.000,4.510,0.950,0.810
,Maximum of Months,484.000,4.510,0.950,0.810


----------------------------------------------------------------------------------------------------
REPORT:,OUTDOOR AIR SUMMARY
FOR:,PERIMETER_BOT_ZN_4
Custom Monthly Report

,,ZONE PEOPLE OCCUPANT COUNT {HOURS NON-ZERO} [HOURS],ZONE PEOPLE OCCUPANT COUNT {FOR HOURS SHOWN} [],ZONE MECHANICAL VENTILATION AIR CHANGES PER HOUR {FOR HOURS SHOWN} [ach],ZONE INFILTRATION AIR CHANGE RATE {FOR HOURS SHOWN} [ach]
,January,-,-,-,-
,February,-,-,-,-
,March,-,-,-,-
,April,-,-,-,-
,May,-,-,-,-
,June,-,-,-,-
,July,484.000,2.855,1.368,0.052
,August,-,-,-,-
,September,-,-,-,-
,October,-,-,-,-
,November,-,-,-,-
,December,-,-,-,-
,,,,,
,Annual Sum or Average,484.000,2.855,1.368,0.052
,Minimum of Months,484.000,2.855,1.368,0.052
,Maximum of Months,484.000,2.855,1.368,0.052


----------------------------------------------------------------------------------------------------
REPORT:,OUTDOOR AIR SUMMARY
FOR:,PERIMETER_MID_ZN_3
Custom Monthly Report

,,ZONE PEOPLE OCCUPANT COUNT {HOURS NON-ZERO} [HOURS],ZONE PEOPLE OCCUPANT COUNT {FOR HOURS SHOWN} [],ZONE MECHANICAL VENTILATION AIR CHANGES PER HOUR {FOR HOURS SHOWN} [ach],ZONE INFILTRATION AIR CHANGE RATE {FOR HOURS SHOWN} [ach]
,January,-,-,-,-
,February,-,-,-,-
,March,-,-,-,-
,April,-,-,-,-
,May,-,-,-,-
,June,-,-,-,-
,July,484.000,4.510,0.905,0.076
,August,-,-,-,-
,September,-,-,-,-
,October,-,-,-,-
,November,-,-,-,-
,December,-,-,-,-
,,,,,
,Annual Sum or Average,484.000,4.510,0.905,0.076
,Minimum of Months,484.000,4.510,0.905,0.076
,Maximum of Months,484.000,4.510,0.905,0.076


----------------------------------------------------------------------------------------------------
REPORT:,OUTDOOR AIR SUMMARY
FOR:,PERIMETER_MID_ZN_2
Custom Monthly Report

,,ZONE PEOPLE OCCUPANT COUNT {HOURS NON-ZERO} [HOURS],ZONE PEOPLE OCCUPANT COUNT {FOR HOURS SHOWN} [],ZONE MECHANICAL VENTILATION AIR CHANGES PER HOUR {FOR HOURS SHOWN} [ach],ZONE INFILTRATION AIR CHANGE RATE {FOR HOURS SHOWN} [ach]
,January,-,-,-,-
,February,-,-,-,-
,March,-,-,-,-
,April,-,-,-,-
,May,-,-,-,-
,June,-,-,-,-
,July,484.000,2.855,1.748,0.080
,August,-,-,-,-
,September,-,-,-,-
,October,-,-,-,-
,November,-,-,-,-
,December,-,-,-,-
,,,,,
,Annual Sum or Average,484.000,2.855,1.748,0.080
,Minimum of Months,484.000,2.855,1.748,0.080
,Maximum of Months,484.000,2.855,1.748,0.080


----------------------------------------------------------------------------------------------------
REPORT:,OUTDOOR AIR SUMMARY
FOR:,PERIMETER_MID_ZN_1
Custom Monthly Report

,,ZONE PEOPLE OCCUPANT COUNT {HOURS NON-ZERO} [HOURS],ZONE PEOPLE OCCUPANT COUNT {FOR HOURS SHOWN} [],ZONE MECHANICAL VENTILATION AIR CHANGES PER HOUR {FOR HOURS SHOWN} [ach],ZONE INFILTRATION AIR CHANGE RATE {FOR HOURS SHOWN} [ach]
,January,-,-,-,-
,February,-,-,-,-
,March,-,-,-,-
,April,-,-,-,-
,May,-,-,-,-
,June,-,-,-,-
,July,484.000,4.510,1.239,0.076
,August,-,-,-,-
,September,-,-,-,-
,October,-,-,-,-
,November,-,-,-,-
,December,-,-,-,-
,,,,,
,Annual Sum or Average,484.000,4.510,1.239,0.076
,Minimum of Months,484.000,4.510,1.239,0.076
,Maximum of Months,484.000,4.510,1.239,0.076


----------------------------------------------------------------------------------------------------
REPORT:,OUTDOOR AIR SUMMARY
FOR:,PERIMETER_MID_ZN_4
Custom Monthly Report

,,ZONE PEOPLE OCCUPANT COUNT {HOURS NON-ZERO} [HOURS],ZONE PEOPLE OCCUPANT COUNT {FOR HOURS SHOWN} [],ZONE MECHANICAL VENTILATION AIR CHANGES PER HOUR {FOR HOURS SHOWN} [ach],ZONE INFILTRATION AIR CHANGE RATE {FOR HOURS SHOWN} [ach]
,January,-,-,-,-
,February,-,-,-,-
,March,-,-,-,-
,April,-,-,-,-
,May,-,-,-,-
,June,-,-,-,-
,July,484.000,2.855,1.598,0.080
,August,-,-,-,-
,September,-,-,-,-
,October,-,-,-,-
,November,-,-,-,-
,December,-,-,-,-
,,,,,
,Annual Sum or Average,484.000,2.855,1.598,0.080
,Minimum of Months,484.000,2.855,1.598,0.080
,Maximum of Months,484.000,2.855,1.598,0.080


----------------------------------------------------------------------------------------------------
REPORT:,OUTDOOR AIR SUMMARY
FOR:,FIRSTFLOOR_PLENUM
Custom Monthly Report

,,ZONE PEOPLE OCCUPANT COUNT [],ZONE PEOPLE OCCUPANT COUNT [],ZONE MECHANICAL VENTILATION AIR CHANGES PER HOUR [],ZONE INFILTRATION AIR CHANGE RATE {FOR HOURS SHOWN} [ach]
,January,-,-,-,-
,February,-,-,-,-
,March,-,-,-,-
,April,-,-,-,-
,May,-,-,-,-
,June,-,-,-,-
,July,0.000,0.000,0.000,0.000
,August,-,-,-,-
,September,-,-,-,-
,October,-,-,-,-
,November,-,-,-,-
,December,-,-,-,-
,,,,,
,Annual Sum or Average,0.000,0.000,0.000,
,Minimum of Months,0.000,0.000,0.000,0.000
,Maximum of Months,0.000,0.000,0.000,0.000


----------------------------------------------------------------------------------------------------
REPORT:,OUTDOOR AIR SUMMARY
FOR:,MIDFLOOR_PLENUM
Custom Monthly Report

,,ZONE PEOPLE OCCUPANT COUNT [],ZONE PEOPLE OCCUPANT COUNT [],ZONE MECHANICAL VENTILATION AIR CHANGES PER HOUR [],ZONE INFILTRATION AIR CHANGE RATE {FOR HOURS SHOWN} [ach]
,January,-,-,-,-
,February,-,-,-,-
,March,-,-,-,-
,April,-,-,-,-
,May,-,-,-,-
,June,-,-,-,-
,July,0.000,0.000,0.000,0.000
,August,-,-,-,-
,September,-,-,-,-
,October,-,-,-,-
,November,-,-,-,-
,December,-,-,-,-
,,,,,
,Annual Sum or Average,0.000,0.000,0.000,
,Minimum of Months,0.000,0.000,0.000,0.000
,Maximum of Months,0.000,0.000,0.000,0.000


----------------------------------------------------------------------------------------------------
REPORT:,OUTDOOR AIR SUMMARY
FOR:,TOPFLOOR_PLENUM
Custom Monthly Report

,,ZONE PEOPLE OCCUPANT COUNT [],ZONE PEOPLE OCCUPANT COUNT [],ZONE MECHANICAL VENTILATION AIR CHANGES PER HOUR [],ZONE INFILTRATION AIR CHANGE RATE {FOR HOURS SHOWN} [ach]
,January,-,-,-,-
,February,-,-,-,-
,March,-,-,-,-
,April,-,-,-,-
,May,-,-,-,-
,June,-,-,-,-
,July,0.000,0.000,0.000,0.000
,August,-,-,-,-
,September,-,-,-,-
,October,-,-,-,-
,November,-,-,-,-
,December,-,-,-,-
,,,,,
,Annual Sum or Average,0.000,0.000,0.000,
,Minimum of Months,0.000,0.000,0.000,0.000
,Maximum of Months,0.000,0.000,0.000,0.000


----------------------------------------------------------------------------------------------------
REPORT:,VENTILATION LOAD COMPONENTS
FOR:,CORE_BOTTOM
Custom Monthly Report

,,ZONE MECHANICAL VENTILATION NO LOAD HEAT REMOVAL ENERGY [J],ZONE MECHANICAL VENTILATION COOLING LOAD INCREASE ENERGY [J],ZONE MECHANICAL VENTILATION COOLING LOAD INCREASE DUE TO OVERHEATING ENERGY [J],ZONE MECHANICAL VENTILATION COOLING LOAD DECREASE ENERGY [J],ZONE MECHANICAL VENTILATION NO LOAD HEAT ADDITION ENERGY [J],ZONE MECHANICAL VENTILATION HEATING LOAD INCREASE ENERGY [J],ZONE MECHANICAL VENTILATION HEATING LOAD INCREASE DUE TO OVERCOOLING ENERGY [J],ZONE MECHANICAL VENTILATION HEATING LOAD DECREASE ENERGY [J]
,January,-,-,-,-,-,-,-,-
,February,-,-,-,-,-,-,-,-
,March,-,-,-,-,-,-,-,-
,April,-,-,-,-,-,-,-,-
,May,-,-,-,-,-,-,-,-
,June,-,-,-,-,-,-,-,-
,July,0.736742E+09,0.172360E+10,0.000,6980483.750,0.498102E+09,0.000,0.122510E+10,0.000
,August,-,-,-,-,-,-,-,-
,September,-,-,-,-,-,-,-,-
,October,-,-,-,-,-,-,-,-
,November,-,-,-,-,-,-,-,-
,December,-,-,-,-,-,-,-,-
,,,,,,,,,
,Annual Sum or Average,0.736742E+09,0.172360E+10,0.000,6980483.750,0.498102E+09,0.000,0.122510E+10,0.000
,Minimum of Months,0.736742E+09,0.172360E+10,0.000,6980483.750,0.498102E+09,0.000,0.122510E+10,0.000
,Maximum of Months,0.736742E+09,0.172360E+10,0.000,6980483.750,0.498102E+09,0.000,0.122510E+10,0.000


----------------------------------------------------------------------------------------------------
REPORT:,VENTILATION LOAD COMPONENTS
FOR:,CORE_MID
Custom Monthly Report

,,ZONE MECHANICAL VENTILATION NO LOAD HEAT REMOVAL ENERGY [J],ZONE MECHANICAL VENTILATION COOLING LOAD INCREASE ENERGY [J],ZONE MECHANICAL VENTILATION COOLING LOAD INCREASE DUE TO OVERHEATING ENERGY [J],ZONE MECHANICAL VENTILATION COOLING LOAD DECREASE ENERGY [J],ZONE MECHANICAL VENTILATION NO LOAD HEAT ADDITION ENERGY [J],ZONE MECHANICAL VENTILATION HEATING LOAD INCREASE ENERGY [J],ZONE MECHANICAL VENTILATION HEATING LOAD INCREASE DUE TO OVERCOOLING ENERGY [J],ZONE MECHANICAL VENTILATION HEATING LOAD DECREASE ENERGY [J]
,January,-,-,-,-,-,-,-,-
,February,-,-,-,-,-,-,-,-
,March,-,-,-,-,-,-,-,-
,April,-,-,-,-,-,-,-,-
,May,-,-,-,-,-,-,-,-
,June,-,-,-,-,-,-,-,-
,July,0.425202E+09,0.137118E+10,0.000,6613874.385,0.185508E+09,0.000,0.111196E+10,0.000
,August,-,-,-,-,-,-,-,-
,September,-,-,-,-,-,-,-,-
,October,-,-,-,-,-,-,-,-
,November,-,-,-,-,-,-,-,-
,December,-,-,-,-,-,-,-,-
,,,,,,,,,
,Annual Sum or Average,0.425202E+09,0.137118E+10,0.000,6613874.385,0.185508E+09,0.000,0.111196E+10,0.000
,Minimum of Months,0.425202E+09,0.137118E+10,0.000,6613874.385,0.185508E+09,0.000,0.111196E+10,0.000
,Maximum of Months,0.425202E+09,0.137118E+10,0.000,6613874.385,0.185508E+09,0.000,0.111196E+10,0.000


----------------------------------------------------------------------------------------------------
REPORT:,VENTILATION LOAD COMPONENTS
FOR:,CORE_TOP
Custom Monthly Report

,,ZONE MECHANICAL VENTILATION NO LOAD HEAT REMOVAL ENERGY [J],ZONE MECHANICAL VENTILATION COOLING LOAD INCREASE ENERGY [J],ZONE MECHANICAL VENTILATION COOLING LOAD INCREASE DUE TO OVERHEATING ENERGY [J],ZONE MECHANICAL VENTILATION COOLING LOAD DECREASE ENERGY [J],ZONE MECHANICAL VENTILATION NO LOAD HEAT ADDITION ENERGY [J],ZONE MECHANICAL VENTILATION HEATING LOAD INCREASE ENERGY [J],ZONE MECHANICAL VENTILATION HEATING LOAD INCREASE DUE TO OVERCOOLING ENERGY [J],ZONE MECHANICAL VENTILATION HEATING LOAD DECREASE ENERGY [J]
,January,-,-,-,-,-,-,-,-
,February,-,-,-,-,-,-,-,-
,March,-,-,-,-,-,-,-,-
,April,-,-,-,-,-,-,-,-
,May,-,-,-,-,-,-,-,-
,June,-,-,-,-,-,-,-,-
,July,0.457364E+09,0.131208E+10,0.000,6705409.216,0.202357E+09,0.000,0.102047E+10,0.000
,August,-,-,-,-,-,-,-,-
,September,-,-,-,-,-,-,-,-
,October,-,-,-,-,-,-,-,-
,November,-,-,-,-,-,-,-,-
,December,-,-,-,-,-,-,-,-
,,,,,,,,,
,Annual Sum or Average,0.457364E+09,0.131208E+10,0.000,6705409.216,0.202357E+09,0.000,0.102047E+10,0.000
,Minimum of Months,0.457364E+09,0.131208E+10,0.000,6705409.216,0.202357E+09,0.000,0.102047E+10,0.000
,Maximum of Months,0.457364E+09,0.131208E+10,0.000,6705409.216,0.202357E+09,0.000,0.102047E+10,0.000


----------------------------------------------------------------------------------------------------
REPORT:,VENTILATION LOAD COMPONENTS
FOR:,PERIMETER_TOP_ZN_3
Custom Monthly Report

,,ZONE MECHANICAL VENTILATION NO LOAD HEAT REMOVAL ENERGY [J],ZONE MECHANICAL VENTILATION COOLING LOAD INCREASE ENERGY [J],ZONE MECHANICAL VENTILATION COOLING LOAD INCREASE DUE TO OVERHEATING ENERGY [J],ZONE MECHANICAL VENTILATION COOLING LOAD DECREASE ENERGY [J],ZONE MECHANICAL VENTILATION NO LOAD HEAT ADDITION ENERGY [J],ZONE MECHANICAL VENTILATION HEATING LOAD INCREASE ENERGY [J],ZONE MECHANICAL VENTILATION HEATING LOAD INCREASE DUE TO OVERCOOLING ENERGY [J],ZONE MECHANICAL VENTILATION HEATING LOAD DECREASE ENERGY [J]
,January,-,-,-,-,-,-,-,-
,February,-,-,-,-,-,-,-,-
,March,-,-,-,-,-,-,-,-
,April,-,-,-,-,-,-,-,-
,May,-,-,-,-,-,-,-,-
,June,-,-,-,-,-,-,-,-
,July,0.157055E+09,0.427303E+09,0.000,1707066.912,0.406156E+08,0.000,0.235034E+09,0.000
,August,-,-,-,-,-,-,-,-
,September,-,-,-,-,-,-,-,-
,October,-,-,-,-,-,-,-,-
,November,-,-,-,-,-,-,-,-
,December,-,-,-,-,-,-,-,-
,,,,,,,,,
,Annual Sum or Average,0.157055E+09,0.427303E+09,0.000,1707066.912,0.406156E+08,0.000,0.235034E+09,0.000
,Minimum of Months,0.157055E+09,0.427303E+09,0.000,1707066.912,0.406156E+08,0.000,0.235034E+09,0.000
,Maximum of Months,0.157055E+09,0.427303E+09,0.000,1707066.912,0.406156E+08,0.000,0.235034E+09,0.000


----------------------------------------------------------------------------------------------------
REPORT:,VENTILATION LOAD COMPONENTS
FOR:,PERIMETER_TOP_ZN_2
Custom Monthly Report

,,ZONE MECHANICAL VENTILATION NO LOAD HEAT REMOVAL ENERGY [J],ZONE MECHANICAL VENTILATION COOLING LOAD INCREASE ENERGY [J],ZONE MECHANICAL VENTILATION COOLING LOAD INCREASE DUE TO OVERHEATING ENERGY [J],ZONE MECHANICAL VENTILATION COOLING LOAD DECREASE ENERGY [J],ZONE MECHANICAL VENTILATION NO LOAD HEAT ADDITION ENERGY [J],ZONE MECHANICAL VENTILATION HEATING LOAD INCREASE ENERGY [J],ZONE MECHANICAL VENTILATION HEATING LOAD INCREASE DUE TO OVERCOOLING ENERGY [J],ZONE MECHANICAL VENTILATION HEATING LOAD DECREASE ENERGY [J]
,January,-,-,-,-,-,-,-,-
,February,-,-,-,-,-,-,-,-
,March,-,-,-,-,-,-,-,-
,April,-,-,-,-,-,-,-,-
,May,-,-,-,-,-,-,-,-
,June,-,-,-,-,-,-,-,-
,July,0.189050E+09,0.373549E+09,0.000,2475328.258,0.955174E+08,0.000,0.323672E+09,0.000
,August,-,-,-,-,-,-,-,-
,September,-,-,-,-,-,-,-,-
,October,-,-,-,-,-,-,-,-
,November,-,-,-,-,-,-,-,-
,December,-,-,-,-,-,-,-,-
,,,,,,,,,
,Annual Sum or Average,0.189050E+09,0.373549E+09,0.000,2475328.258,0.955174E+08,0.000,0.323672E+09,0.000
,Minimum of Months,0.189050E+09,0.373549E+09,0.000,2475328.258,0.955174E+08,0.000,0.323672E+09,0.000
,Maximum of Months,0.189050E+09,0.373549E+09,0.000,2475328.258,0.955174E+08,0.000,0.323672E+09,0.000


----------------------------------------------------------------------------------------------------
REPORT:,VENTILATION LOAD COMPONENTS
FOR:,PERIMETER_TOP_ZN_1
Custom Monthly Report

,,ZONE MECHANICAL VENTILATION NO LOAD HEAT REMOVAL ENERGY [J],ZONE MECHANICAL VENTILATION COOLING LOAD INCREASE ENERGY [J],ZONE MECHANICAL VENTILATION COOLING LOAD INCREASE DUE TO OVERHEATING ENERGY [J],ZONE MECHANICAL VENTILATION COOLING LOAD DECREASE ENERGY [J],ZONE MECHANICAL VENTILATION NO LOAD HEAT ADDITION ENERGY [J],ZONE MECHANICAL VENTILATION HEATING LOAD INCREASE ENERGY [J],ZONE MECHANICAL VENTILATION HEATING LOAD INCREASE DUE TO OVERCOOLING ENERGY [J],ZONE MECHANICAL VENTILATION HEATING LOAD DECREASE ENERGY [J]
,January,-,-,-,-,-,-,-,-
,February,-,-,-,-,-,-,-,-
,March,-,-,-,-,-,-,-,-
,April,-,-,-,-,-,-,-,-
,May,-,-,-,-,-,-,-,-
,June,-,-,-,-,-,-,-,-
,July,0.287223E+09,0.484299E+09,0.000,1627864.935,0.988728E+08,0.000,0.230275E+09,0.000
,August,-,-,-,-,-,-,-,-
,September,-,-,-,-,-,-,-,-
,October,-,-,-,-,-,-,-,-
,November,-,-,-,-,-,-,-,-
,December,-,-,-,-,-,-,-,-
,,,,,,,,,
,Annual Sum or Average,0.287223E+09,0.484299E+09,0.000,1627864.935,0.988728E+08,0.000,0.230275E+09,0.000
,Minimum of Months,0.287223E+09,0.484299E+09,0.000,1627864.935,0.988728E+08,0.000,0.230275E+09,0.000
,Maximum of Months,0.287223E+09,0.484299E+09,0.000,1627864.935,0.988728E+08,0.000,0.230275E+09,0.000


----------------------------------------------------------------------------------------------------
REPORT:,VENTILATION LOAD COMPONENTS
FOR:,PERIMETER_TOP_ZN_4
Custom Monthly Report

,,ZONE MECHANICAL VENTILATION NO LOAD HEAT REMOVAL ENERGY [J],ZONE MECHANICAL VENTILATION COOLING LOAD INCREASE ENERGY [J],ZONE MECHANICAL VENTILATION COOLING LOAD INCREASE DUE TO OVERHEATING ENERGY [J],ZONE MECHANICAL VENTILATION COOLING LOAD DECREASE ENERGY [J],ZONE MECHANICAL VENTILATION NO LOAD HEAT ADDITION ENERGY [J],ZONE MECHANICAL VENTILATION HEATING LOAD INCREASE ENERGY [J],ZONE MECHANICAL VENTILATION HEATING LOAD INCREASE DUE TO OVERCOOLING ENERGY [J],ZONE MECHANICAL VENTILATION HEATING LOAD DECREASE ENERGY [J]
,January,-,-,-,-,-,-,-,-
,February,-,-,-,-,-,-,-,-
,March,-,-,-,-,-,-,-,-
,April,-,-,-,-,-,-,-,-
,May,-,-,-,-,-,-,-,-
,June,-,-,-,-,-,-,-,-
,July,0.307414E+09,0.330362E+09,0.000,1268730.950,0.143240E+09,0.000,0.165949E+09,0.000
,August,-,-,-,-,-,-,-,-
,September,-,-,-,-,-,-,-,-
,October,-,-,-,-,-,-,-,-
,November,-,-,-,-,-,-,-,-
,December,-,-,-,-,-,-,-,-
,,,,,,,,,
,Annual Sum or Average,0.307414E+09,0.330362E+09,0.000,1268730.950,0.143240E+09,0.000,0.165949E+09,0.000
,Minimum of Months,0.307414E+09,0.330362E+09,0.000,1268730.950,0.143240E+09,0.000,0.165949E+09,0.000
,Maximum of Months,0.307414E+09,0.330362E+09,0.000,1268730.950,0.143240E+09,0.000,0.165949E+09,0.000


----------------------------------------------------------------------------------------------------
REPORT:,VENTILATION LOAD COMPONENTS
FOR:,PERIMETER_BOT_ZN_3
Custom Monthly Report

,,ZONE MECHANICAL VENTILATION NO LOAD HEAT REMOVAL ENERGY [J],ZONE MECHANICAL VENTILATION COOLING LOAD INCREASE ENERGY [J],ZONE MECHANICAL VENTILATION COOLING LOAD INCREASE DUE TO OVERHEATING ENERGY [J],ZONE MECHANICAL VENTILATION COOLING LOAD DECREASE ENERGY [J],ZONE MECHANICAL VENTILATION NO LOAD HEAT ADDITION ENERGY [J],ZONE MECHANICAL VENTILATION HEATING LOAD INCREASE ENERGY [J],ZONE MECHANICAL VENTILATION HEATING LOAD INCREASE DUE TO OVERCOOLING ENERGY [J],ZONE MECHANICAL VENTILATION HEATING LOAD DECREASE ENERGY [J]
,January,-,-,-,-,-,-,-,-
,February,-,-,-,-,-,-,-,-
,March,-,-,-,-,-,-,-,-
,April,-,-,-,-,-,-,-,-
,May,-,-,-,-,-,-,-,-
,June,-,-,-,-,-,-,-,-
,July,0.143886E+09,0.358126E+09,0.000,879755.016,0.359189E+08,0.000,0.124727E+09,0.000
,August,-,-,-,-,-,-,-,-
,September,-,-,-,-,-,-,-,-
,October,-,-,-,-,-,-,-,-
,November,-,-,-,-,-,-,-,-
,December,-,-,-,-,-,-,-,-
,,,,,,,,,
,Annual Sum or Average,0.143886E+09,0.358126E+09,0.000,879755.016,0.359189E+08,0.000,0.124727E+09,0.000
,Minimum of Months,0.143886E+09,0.358126E+09,0.000,879755.016,0.359189E+08,0.000,0.124727E+09,0.000
,Maximum of Months,0.143886E+09,0.358126E+09,0.000,879755.016,0.359189E+08,0.000,0.124727E+09,0.000


----------------------------------------------------------------------------------------------------
REPORT:,VENTILATION LOAD COMPONENTS
FOR:,PERIMETER_BOT_ZN_2
Custom Monthly Report

,,ZONE MECHANICAL VENTILATION NO LOAD HEAT REMOVAL ENERGY [J],ZONE MECHANICAL VENTILATION COOLING LOAD INCREASE ENERGY [J],ZONE MECHANICAL VENTILATION COOLING LOAD INCREASE DUE TO OVERHEATING ENERGY [J],ZONE MECHANICAL VENTILATION COOLING LOAD DECREASE ENERGY [J],ZONE MECHANICAL VENTILATION NO LOAD HEAT ADDITION ENERGY [J],ZONE MECHANICAL VENTILATION HEATING LOAD INCREASE ENERGY [J],ZONE MECHANICAL VENTILATION HEATING LOAD INCREASE DUE TO OVERCOOLING ENERGY [J],ZONE MECHANICAL VENTILATION HEATING LOAD DECREASE ENERGY [J]
,January,-,-,-,-,-,-,-,-
,February,-,-,-,-,-,-,-,-
,March,-,-,-,-,-,-,-,-
,April,-,-,-,-,-,-,-,-
,May,-,-,-,-,-,-,-,-
,June,-,-,-,-,-,-,-,-
,July,0.197692E+09,0.322200E+09,0.000,1671861.554,0.120728E+09,0.000,0.244959E+09,0.000
,August,-,-,-,-,-,-,-,-
,September,-,-,-,-,-,-,-,-
,October,-,-,-,-,-,-,-,-
,November,-,-,-,-,-,-,-,-
,December,-,-,-,-,-,-,-,-
,,,,,,,,,
,Annual Sum or Average,0.197692E+09,0.322200E+09,0.000,1671861.554,0.120728E+09,0.000,0.244959E+09,0.000
,Minimum of Months,0.197692E+09,0.322200E+09,0.000,1671861.554,0.120728E+09,0.000,0.244959E+09,0.000
,Maximum of Months,0.197692E+09,0.322200E+09,0.000,1671861.554,0.120728E+09,0.000,0.244959E+09,0.000


----------------------------------------------------------------------------------------------------
REPORT:,VENTILATION LOAD COMPONENTS
FOR:,PERIMETER_BOT_ZN_1
Custom Monthly Report

,,ZONE MECHANICAL VENTILATION NO LOAD HEAT REMOVAL ENERGY [J],ZONE MECHANICAL VENTILATION COOLING LOAD INCREASE ENERGY [J],ZONE MECHANICAL VENTILATION COOLING LOAD INCREASE DUE TO OVERHEATING ENERGY [J],ZONE MECHANICAL VENTILATION COOLING LOAD DECREASE ENERGY [J],ZONE MECHANICAL VENTILATION NO LOAD HEAT ADDITION ENERGY [J],ZONE MECHANICAL VENTILATION HEATING LOAD INCREASE ENERGY [J],ZONE MECHANICAL VENTILATION HEATING LOAD INCREASE DUE TO OVERCOOLING ENERGY [J],ZONE MECHANICAL VENTILATION HEATING LOAD DECREASE ENERGY [J]
,January,-,-,-,-,-,-,-,-
,February,-,-,-,-,-,-,-,-
,March,-,-,-,-,-,-,-,-
,April,-,-,-,-,-,-,-,-
,May,-,-,-,-,-,-,-,-
,June,-,-,-,-,-,-,-,-
,July,0.270270E+09,0.447150E+09,0.000,725594.642,0.111897E+09,0.166040E+08,0.882538E+08,0.000
,August,-,-,-,-,-,-,-,-
,September,-,-,-,-,-,-,-,-
,October,-,-,-,-,-,-,-,-
,November,-,-,-,-,-,-,-,-
,December,-,-,-,-,-,-,-,-
,,,,,,,,,
,Annual Sum or Average,0.270270E+09,0.447150E+09,0.000,725594.642,0.111897E+09,0.166040E+08,0.882538E+08,0.000
,Minimum of Months,0.270270E+09,0.447150E+09,0.000,725594.642,0.111897E+09,0.166040E+08,0.882538E+08,0.000
,Maximum of Months,0.270270E+09,0.447150E+09,0.000,725594.642,0.111897E+09,0.166040E+08,0.882538E+08,0.000


----------------------------------------------------------------------------------------------------
REPORT:,VENTILATION LOAD COMPONENTS
FOR:,PERIMETER_BOT_ZN_4
Custom Monthly Report

,,ZONE MECHANICAL VENTILATION NO LOAD HEAT REMOVAL ENERGY [J],ZONE MECHANICAL VENTILATION COOLING LOAD INCREASE ENERGY [J],ZONE MECHANICAL VENTILATION COOLING LOAD INCREASE DUE TO OVERHEATING ENERGY [J],ZONE MECHANICAL VENTILATION COOLING LOAD DECREASE ENERGY [J],ZONE MECHANICAL VENTILATION NO LOAD HEAT ADDITION ENERGY [J],ZONE MECHANICAL VENTILATION HEATING LOAD INCREASE ENERGY [J],ZONE MECHANICAL VENTILATION HEATING LOAD INCREASE DUE TO OVERCOOLING ENERGY [J],ZONE MECHANICAL VENTILATION HEATING LOAD DECREASE ENERGY [J]
,January,-,-,-,-,-,-,-,-
,February,-,-,-,-,-,-,-,-
,March,-,-,-,-,-,-,-,-
,April,-,-,-,-,-,-,-,-
,May,-,-,-,-,-,-,-,-
,June,-,-,-,-,-,-,-,-
,July,0.290789E+09,0.308275E+09,0.000,551687.840,0.139028E+09,0.000,0.925335E+08,0.000
,August,-,-,-,-,-,-,-,-
,September,-,-,-,-,-,-,-,-
,October,-,-,-,-,-,-,-,-
,November,-,-,-,-,-,-,-,-
,December,-,-,-,-,-,-,-,-
,,,,,,,,,
,Annual Sum or Average,0.290789E+09,0.308275E+09,0.000,551687.840,0.139028E+09,0.000,0.925335E+08,0.000
,Minimum of Months,0.290789E+09,0.308275E+09,0.000,551687.840,0.139028E+09,0.000,0.925335E+08,0.000
,Maximum of Months,0.290789E+09,0.308275E+09,0.000,551687.840,0.139028E+09,0.000,0.925335E+08,0.000


----------------------------------------------------------------------------------------------------
REPORT:,VENTILATION LOAD COMPONENTS
FOR:,PERIMETER_MID_ZN_3
Custom Monthly Report

,,ZONE MECHANICAL VENTILATION NO LOAD HEAT REMOVAL ENERGY [J],ZONE MECHANICAL VENTILATION COOLING LOAD INCREASE ENERGY [J],ZONE MECHANICAL VENTILATION COOLING LOAD INCREASE DUE TO OVERHEATING ENERGY [J],ZONE MECHANICAL VENTILATION COOLING LOAD DECREASE ENERGY [J],ZONE MECHANICAL VENTILATION NO LOAD HEAT ADDITION ENERGY [J],ZONE MECHANICAL VENTILATION HEATING LOAD INCREASE ENERGY [J],ZONE MECHANICAL VENTILATION HEATING LOAD INCREASE DUE TO OVERCOOLING ENERGY [J],ZONE MECHANICAL VENTILATION HEATING LOAD DECREASE ENERGY [J]
,January,-,-,-,-,-,-,-,-
,February,-,-,-,-,-,-,-,-
,March,-,-,-,-,-,-,-,-
,April,-,-,-,-,-,-,-,-
,May,-,-,-,-,-,-,-,-
,June,-,-,-,-,-,-,-,-
,July,0.133164E+09,0.471473E+09,0.000,1663824.668,0.213328E+08,0.000,0.248264E+09,0.000
,August,-,-,-,-,-,-,-,-
,September,-,-,-,-,-,-,-,-
,October,-,-,-,-,-,-,-,-
,November,-,-,-,-,-,-,-,-
,December,-,-,-,-,-,-,-,-
,,,,,,,,,
,Annual Sum or Average,0.133164E+09,0.471473E+09,0.000,1663824.668,0.213328E+08,0.000,0.248264E+09,0.000
,Minimum of Months,0.133164E+09,0.471473E+09,0.000,1663824.668,0.213328E+08,0.000,0.248264E+09,0.000
,Maximum of Months,0.133164E+09,0.471473E+09,0.000,1663824.668,0.213328E+08,0.000,0.248264E+09,0.000


----------------------------------------------------------------------------------------------------
REPORT:,VENTILATION LOAD COMPONENTS
FOR:,PERIMETER_MID_ZN_2
Custom Monthly Report

,,ZONE MECHANICAL VENTILATION NO LOAD HEAT REMOVAL ENERGY [J],ZONE MECHANICAL VENTILATION COOLING LOAD INCREASE ENERGY [J],ZONE MECHANICAL VENTILATION COOLING LOAD INCREASE DUE TO OVERHEATING ENERGY [J],ZONE MECHANICAL VENTILATION COOLING LOAD DECREASE ENERGY [J],ZONE MECHANICAL VENTILATION NO LOAD HEAT ADDITION ENERGY [J],ZONE MECHANICAL VENTILATION HEATING LOAD INCREASE ENERGY [J],ZONE MECHANICAL VENTILATION HEATING LOAD INCREASE DUE TO OVERCOOLING ENERGY [J],ZONE MECHANICAL VENTILATION HEATING LOAD DECREASE ENERGY [J]
,January,-,-,-,-,-,-,-,-
,February,-,-,-,-,-,-,-,-
,March,-,-,-,-,-,-,-,-
,April,-,-,-,-,-,-,-,-
,May,-,-,-,-,-,-,-,-
,June,-,-,-,-,-,-,-,-
,July,0.226412E+09,0.405057E+09,0.000,2221979.608,0.970690E+08,0.000,0.333991E+09,0.000
,August,-,-,-,-,-,-,-,-
,September,-,-,-,-,-,-,-,-
,October,-,-,-,-,-,-,-,-
,November,-,-,-,-,-,-,-,-
,December,-,-,-,-,-,-,-,-
,,,,,,,,,
,Annual Sum or Average,0.226412E+09,0.405057E+09,0.000,2221979.608,0.970690E+08,0.000,0.333991E+09,0.000
,Minimum of Months,0.226412E+09,0.405057E+09,0.000,2221979.608,0.970690E+08,0.000,0.333991E+09,0.000
,Maximum of Months,0.226412E+09,0.405057E+09,0.000,2221979.608,0.970690E+08,0.000,0.333991E+09,0.000


----------------------------------------------------------------------------------------------------
REPORT:,VENTILATION LOAD COMPONENTS
FOR:,PERIMETER_MID_ZN_1
Custom Monthly Report

,,ZONE MECHANICAL VENTILATION NO LOAD HEAT REMOVAL ENERGY [J],ZONE MECHANICAL VENTILATION COOLING LOAD INCREASE ENERGY [J],ZONE MECHANICAL VENTILATION COOLING LOAD INCREASE DUE TO OVERHEATING ENERGY [J],ZONE MECHANICAL VENTILATION COOLING LOAD DECREASE ENERGY [J],ZONE MECHANICAL VENTILATION NO LOAD HEAT ADDITION ENERGY [J],ZONE MECHANICAL VENTILATION HEATING LOAD INCREASE ENERGY [J],ZONE MECHANICAL VENTILATION HEATING LOAD INCREASE DUE TO OVERCOOLING ENERGY [J],ZONE MECHANICAL VENTILATION HEATING LOAD DECREASE ENERGY [J]
,January,-,-,-,-,-,-,-,-
,February,-,-,-,-,-,-,-,-
,March,-,-,-,-,-,-,-,-
,April,-,-,-,-,-,-,-,-
,May,-,-,-,-,-,-,-,-
,June,-,-,-,-,-,-,-,-
,July,0.372780E+09,0.552814E+09,0.000,1112636.382,0.965182E+08,0.000,0.202119E+09,0.000
,August,-,-,-,-,-,-,-,-
,September,-,-,-,-,-,-,-,-
,October,-,-,-,-,-,-,-,-
,November,-,-,-,-,-,-,-,-
,December,-,-,-,-,-,-,-,-
,,,,,,,,,
,Annual Sum or Average,0.372780E+09,0.552814E+09,0.000,1112636.382,0.965182E+08,0.000,0.202119E+09,0.000
,Minimum of Months,0.372780E+09,0.552814E+09,0.000,1112636.382,0.965182E+08,0.000,0.202119E+09,0.000
,Maximum of Months,0.372780E+09,0.552814E+09,0.000,1112636.382,0.965182E+08,0.000,0.202119E+09,0.000


----------------------------------------------------------------------------------------------------
REPORT:,VENTILATION LOAD COMPONENTS
FOR:,PERIMETER_MID_ZN_4
Custom Monthly Report

,,ZONE MECHANICAL VENTILATION NO LOAD HEAT REMOVAL ENERGY [J],ZONE MECHANICAL VENTILATION COOLING LOAD INCREASE ENERGY [J],ZONE MECHANICAL VENTILATION COOLING LOAD INCREASE DUE TO OVERHEATING ENERGY [J],ZONE MECHANICAL VENTILATION COOLING LOAD DECREASE ENERGY [J],ZONE MECHANICAL VENTILATION NO LOAD HEAT ADDITION ENERGY [J],ZONE MECHANICAL VENTILATION HEATING LOAD INCREASE ENERGY [J],ZONE MECHANICAL VENTILATION HEATING LOAD INCREASE DUE TO OVERCOOLING ENERGY [J],ZONE MECHANICAL VENTILATION HEATING LOAD DECREASE ENERGY [J]
,January,-,-,-,-,-,-,-,-
,February,-,-,-,-,-,-,-,-
,March,-,-,-,-,-,-,-,-
,April,-,-,-,-,-,-,-,-
,May,-,-,-,-,-,-,-,-
,June,-,-,-,-,-,-,-,-
,July,0.332156E+09,0.389660E+09,0.000,884120.118,0.113117E+09,0.000,0.147192E+09,0.000
,August,-,-,-,-,-,-,-,-
,September,-,-,-,-,-,-,-,-
,October,-,-,-,-,-,-,-,-
,November,-,-,-,-,-,-,-,-
,December,-,-,-,-,-,-,-,-
,,,,,,,,,
,Annual Sum or Average,0.332156E+09,0.389660E+09,0.000,884120.118,0.113117E+09,0.000,0.147192E+09,0.000
,Minimum of Months,0.332156E+09,0.389660E+09,0.000,884120.118,0.113117E+09,0.000,0.147192E+09,0.000
,Maximum of Months,0.332156E+09,0.389660E+09,0.000,884120.118,0.113117E+09,0.000,0.147192E+09,0.000


----------------------------------------------------------------------------------------------------
REPORT:,OVERALL HVAC AIR SYSTEM LOADS
FOR:,PACU_VAV_BOT
Custom Monthly Report

,,AIR SYSTEM TOTAL HEATING ENERGY [J],AIR SYSTEM TOTAL COOLING ENERGY [J]
,January,-,-
,February,-,-
,March,-,-
,April,-,-
,May,-,-
,June,-,-
,July,0.371923E+10,0.560144E+11
,August,-,-
,September,-,-
,October,-,-
,November,-,-
,December,-,-
,,,
,Annual Sum or Average,0.371923E+10,0.560144E+11
,Minimum of Months,0.371923E+10,0.560144E+11
,Maximum of Months,0.371923E+10,0.560144E+11


----------------------------------------------------------------------------------------------------
REPORT:,OVERALL HVAC AIR SYSTEM LOADS
FOR:,PACU_VAV_MID
Custom Monthly Report

,,AIR SYSTEM TOTAL HEATING ENERGY [J],AIR SYSTEM TOTAL COOLING ENERGY [J]
,January,-,-
,February,-,-
,March,-,-
,April,-,-
,May,-,-
,June,-,-
,July,0.336387E+10,0.513451E+11
,August,-,-
,September,-,-
,October,-,-
,November,-,-
,December,-,-
,,,
,Annual Sum or Average,0.336387E+10,0.513451E+11
,Minimum of Months,0.336387E+10,0.513451E+11
,Maximum of Months,0.336387E+10,0.513451E+11


----------------------------------------------------------------------------------------------------
REPORT:,OVERALL HVAC AIR SYSTEM LOADS
FOR:,PACU_VAV_TOP
Custom Monthly Report

,,AIR SYSTEM TOTAL HEATING ENERGY [J],AIR SYSTEM TOTAL COOLING ENERGY [J]
,January,-,-
,February,-,-
,March,-,-
,April,-,-
,May,-,-
,June,-,-
,July,0.320102E+10,0.561825E+11
,August,-,-
,September,-,-
,October,-,-
,November,-,-
,December,-,-
,,,
,Annual Sum or Average,0.320102E+10,0.561825E+11
,Minimum of Months,0.320102E+10,0.561825E+11
,Maximum of Months,0.320102E+10,0.561825E+11


----------------------------------------------------------------------------------------------------
REPORT:,OVERALL HVAC SYSTEM ENERGY
FOR:,Meter
Custom Monthly Report

,,ELECTRICITY:HVAC [J],HEATING:GAS [J]
,January,-,-
,February,-,-
,March,-,-
,April,-,-
,May,-,-
,June,-,-
,July,0.534448E+11,0.000
,August,-,-
,September,-,-
,October,-,-
,November,-,-
,December,-,-
,,,
,Annual Sum or Average,0.534448E+11,0.000
,Minimum of Months,0.534448E+11,0.000
,Maximum of Months,0.534448E+11,0.000


----------------------------------------------------------------------------------------------------
REPORT:,COMPONENTS OF PEAK ELECTRICAL DEMAND
FOR:,Meter
Custom Monthly Report

,,ELECTRICITY:FACILITY [J],ELECTRICITY:FACILITY {Maximum}[W],ELECTRICITY:FACILITY {TIMESTAMP},INTERIORLIGHTS:ELECTRICITY {AT MAX/MIN} [W],INTERIOREQUIPMENT:ELECTRICITY {AT MAX/MIN} [W],FANS:ELECTRICITY {AT MAX/MIN} [W],HEATING:ELECTRICITY {AT MAX/MIN} [W],COOLING:ELECTRICITY {AT MAX/MIN} [W],EXTERIORLIGHTS:ELECTRICITY {AT MAX/MIN} [W],PUMPS:ELECTRICITY {AT MAX/MIN} [W],HEATREJECTION:ELECTRICITY [],EXTERIOREQUIPMENT:ELECTRICITY {AT MAX/MIN} [W],HUMIDIFICATION:ELECTRICITY [],HEATRECOVERY:ELECTRICITY [],WATERSYSTEMS:ELECTRICITY [],REFRIGERATION:ELECTRICITY [],GENERATORS:ELECTRICITY [],ELECTRICITYPRODUCED:FACILITY []
,January,-,-,-,-,-,-,-,-,-,-,-,-,-,-,-,-,-,-
,February,-,-,-,-,-,-,-,-,-,-,-,-,-,-,-,-,-,-
,March,-,-,-,-,-,-,-,-,-,-,-,-,-,-,-,-,-,-
,April,-,-,-,-,-,-,-,-,-,-,-,-,-,-,-,-,-,-
,May,-,-,-,-,-,-,-,-,-,-,-,-,-,-,-,-,-,-
,June,-,-,-,-,-,-,-,-,-,-,-,-,-,-,-,-,-,-
,July,0.140173E+12,150938.345,17-JUL-12:00,25867.868,49960.580,14823.710,0.000,59439.275,0.000,6.850,0.000,840.063,0.000,0.000,0.000,0.000,0.000,0.000
,August,-,-,-,-,-,-,-,-,-,-,-,-,-,-,-,-,-,-
,September,-,-,-,-,-,-,-,-,-,-,-,-,-,-,-,-,-,-
,October,-,-,-,-,-,-,-,-,-,-,-,-,-,-,-,-,-,-
,November,-,-,-,-,-,-,-,-,-,-,-,-,-,-,-,-,-,-
,December,-,-,-,-,-,-,-,-,-,-,-,-,-,-,-,-,-,-
,,,,,,,,,,,,,,,,,,,
,Annual Sum or Average,0.140173E+12,,,,,,,,,,0.000,,0.000,0.000,0.000,0.000,0.000,0.000
,Minimum of Months,0.140173E+12,150938.345,,25867.868,49960.580,14823.710,0.000,59439.275,0.000,6.850,0.000,840.063,0.000,0.000,0.000,0.000,0.000,0.000
,Maximum of Months,0.140173E+12,150938.345,,25867.868,49960.580,14823.710,0.000,59439.275,0.000,6.850,0.000,840.063,0.000,0.000,0.000,0.000,0.000,0.000


----------------------------------------------------------------------------------------------------
REPORT:,COMPONENTS OF PEAK NET ELECTRICAL DEMAND
FOR:,Meter
Custom Monthly Report

,,ELECTRICITYNET:FACILITY [J],ELECTRICITYNET:FACILITY {Maximum}[W],ELECTRICITYNET:FACILITY {TIMESTAMP},INTERIORLIGHTS:ELECTRICITY {AT MAX/MIN} [W],INTERIOREQUIPMENT:ELECTRICITY {AT MAX/MIN} [W],FANS:ELECTRICITY {AT MAX/MIN} [W],HEATING:ELECTRICITY {AT MAX/MIN} [W],COOLING:ELECTRICITY {AT MAX/MIN} [W],EXTERIORLIGHTS:ELECTRICITY {AT MAX/MIN} [W],PUMPS:ELECTRICITY {AT MAX/MIN} [W],HEATREJECTION:ELECTRICITY [],EXTERIOREQUIPMENT:ELECTRICITY {AT MAX/MIN} [W],HUMIDIFICATION:ELECTRICITY [],HEATRECOVERY:ELECTRICITY [],WATERSYSTEMS:ELECTRICITY [],REFRIGERATION:ELECTRICITY [],GENERATORS:ELECTRICITY [],ELECTRICITYPRODUCED:FACILITY []
,January,-,-,-,-,-,-,-,-,-,-,-,-,-,-,-,-,-,-
,February,-,-,-,-,-,-,-,-,-,-,-,-,-,-,-,-,-,-
,March,-,-,-,-,-,-,-,-,-,-,-,-,-,-,-,-,-,-
,April,-,-,-,-,-,-,-,-,-,-,-,-,-,-,-,-,-,-
,May,-,-,-,-,-,-,-,-,-,-,-,-,-,-,-,-,-,-
,June,-,-,-,-,-,-,-,-,-,-,-,-,-,-,-,-,-,-
,July,0.140173E+12,150938.345,17-JUL-12:00,25867.868,49960.580,14823.710,0.000,59439.275,0.000,6.850,0.000,840.063,0.000,0.000,0.000,0.000,0.000,0.000
,August,-,-,-,-,-,-,-,-,-,-,-,-,-,-,-,-,-,-
,September,-,-,-,-,-,-,-,-,-,-,-,-,-,-,-,-,-,-
,October,-,-,-,-,-,-,-,-,-,-,-,-,-,-,-,-,-,-
,November,-,-,-,-,-,-,-,-,-,-,-,-,-,-,-,-,-,-
,December,-,-,-,-,-,-,-,-,-,-,-,-,-,-,-,-,-,-
,,,,,,,,,,,,,,,,,,,
,Annual Sum or Average,0.140173E+12,,,,,,,,,,0.000,,0.000,0.000,0.000,0.000,0.000,0.000
,Minimum of Months,0.140173E+12,150938.345,,25867.868,49960.580,14823.710,0.000,59439.275,0.000,6.850,0.000,840.063,0.000,0.000,0.000,0.000,0.000,0.000
,Maximum of Months,0.140173E+12,150938.345,,25867.868,49960.580,14823.710,0.000,59439.275,0.000,6.850,0.000,840.063,0.000,0.000,0.000,0.000,0.000,0.000


----------------------------------------------------------------------------------------------------
REPORT:,SETPOINTS NOT MET WITH TEMPERATURES
FOR:,CORE_BOTTOM
Custom Monthly Report

,,ZONE HEATING SETPOINT NOT MET TIME {HOURS NON-ZERO} [HOURS],ZONE MEAN AIR TEMPERATURE {FOR HOURS SHOWN} [C],ZONE HEATING SETPOINT NOT MET WHILE OCCUPIED TIME {HOURS NON-ZERO} [HOURS],ZONE MEAN AIR TEMPERATURE {FOR HOURS SHOWN} [C],ZONE COOLING SETPOINT NOT MET TIME {HOURS NON-ZERO} [HOURS],ZONE MEAN AIR TEMPERATURE {FOR HOURS SHOWN} [C],ZONE COOLING SETPOINT NOT MET WHILE OCCUPIED TIME {HOURS NON-ZERO} [HOURS],ZONE MEAN AIR TEMPERATURE {FOR HOURS SHOWN} [C]
,January,-,-,-,-,-,-,-,-
,February,-,-,-,-,-,-,-,-
,March,-,-,-,-,-,-,-,-
,April,-,-,-,-,-,-,-,-
,May,-,-,-,-,-,-,-,-
,June,-,-,-,-,-,-,-,-
,July,0.00,0.00,0.00,0.00,0.00,0.00,0.00,0.00
,August,-,-,-,-,-,-,-,-
,September,-,-,-,-,-,-,-,-
,October,-,-,-,-,-,-,-,-
,November,-,-,-,-,-,-,-,-
,December,-,-,-,-,-,-,-,-
,,,,,,,,,
,Annual Sum or Average,0.00,,0.00,,0.00,,0.00,
,Minimum of Months,0.00,0.00,0.00,0.00,0.00,0.00,0.00,0.00
,Maximum of Months,0.00,0.00,0.00,0.00,0.00,0.00,0.00,0.00


----------------------------------------------------------------------------------------------------
REPORT:,SETPOINTS NOT MET WITH TEMPERATURES
FOR:,TOPFLOOR_PLENUM
Custom Monthly Report

,,ZONE HEATING SETPOINT NOT MET TIME {HOURS NON-ZERO} [HOURS],ZONE MEAN AIR TEMPERATURE {FOR HOURS SHOWN} [C],ZONE HEATING SETPOINT NOT MET WHILE OCCUPIED TIME {HOURS NON-ZERO} [HOURS],ZONE MEAN AIR TEMPERATURE {FOR HOURS SHOWN} [C],ZONE COOLING SETPOINT NOT MET TIME {HOURS NON-ZERO} [HOURS],ZONE MEAN AIR TEMPERATURE {FOR HOURS SHOWN} [C],ZONE COOLING SETPOINT NOT MET WHILE OCCUPIED TIME {HOURS NON-ZERO} [HOURS],ZONE MEAN AIR TEMPERATURE {FOR HOURS SHOWN} [C]
,January,-,-,-,-,-,-,-,-
,February,-,-,-,-,-,-,-,-
,March,-,-,-,-,-,-,-,-
,April,-,-,-,-,-,-,-,-
,May,-,-,-,-,-,-,-,-
,June,-,-,-,-,-,-,-,-
,July,0.00,0.00,0.00,0.00,0.00,0.00,0.00,0.00
,August,-,-,-,-,-,-,-,-
,September,-,-,-,-,-,-,-,-
,October,-,-,-,-,-,-,-,-
,November,-,-,-,-,-,-,-,-
,December,-,-,-,-,-,-,-,-
,,,,,,,,,
,Annual Sum or Average,0.00,,0.00,,0.00,,0.00,
,Minimum of Months,0.00,0.00,0.00,0.00,0.00,0.00,0.00,0.00
,Maximum of Months,0.00,0.00,0.00,0.00,0.00,0.00,0.00,0.00


----------------------------------------------------------------------------------------------------
REPORT:,SETPOINTS NOT MET WITH TEMPERATURES
FOR:,MIDFLOOR_PLENUM
Custom Monthly Report

,,ZONE HEATING SETPOINT NOT MET TIME {HOURS NON-ZERO} [HOURS],ZONE MEAN AIR TEMPERATURE {FOR HOURS SHOWN} [C],ZONE HEATING SETPOINT NOT MET WHILE OCCUPIED TIME {HOURS NON-ZERO} [HOURS],ZONE MEAN AIR TEMPERATURE {FOR HOURS SHOWN} [C],ZONE COOLING SETPOINT NOT MET TIME {HOURS NON-ZERO} [HOURS],ZONE MEAN AIR TEMPERATURE {FOR HOURS SHOWN} [C],ZONE COOLING SETPOINT NOT MET WHILE OCCUPIED TIME {HOURS NON-ZERO} [HOURS],ZONE MEAN AIR TEMPERATURE {FOR HOURS SHOWN} [C]
,January,-,-,-,-,-,-,-,-
,February,-,-,-,-,-,-,-,-
,March,-,-,-,-,-,-,-,-
,April,-,-,-,-,-,-,-,-
,May,-,-,-,-,-,-,-,-
,June,-,-,-,-,-,-,-,-
,July,0.00,0.00,0.00,0.00,0.00,0.00,0.00,0.00
,August,-,-,-,-,-,-,-,-
,September,-,-,-,-,-,-,-,-
,October,-,-,-,-,-,-,-,-
,November,-,-,-,-,-,-,-,-
,December,-,-,-,-,-,-,-,-
,,,,,,,,,
,Annual Sum or Average,0.00,,0.00,,0.00,,0.00,
,Minimum of Months,0.00,0.00,0.00,0.00,0.00,0.00,0.00,0.00
,Maximum of Months,0.00,0.00,0.00,0.00,0.00,0.00,0.00,0.00


----------------------------------------------------------------------------------------------------
REPORT:,SETPOINTS NOT MET WITH TEMPERATURES
FOR:,FIRSTFLOOR_PLENUM
Custom Monthly Report

,,ZONE HEATING SETPOINT NOT MET TIME {HOURS NON-ZERO} [HOURS],ZONE MEAN AIR TEMPERATURE {FOR HOURS SHOWN} [C],ZONE HEATING SETPOINT NOT MET WHILE OCCUPIED TIME {HOURS NON-ZERO} [HOURS],ZONE MEAN AIR TEMPERATURE {FOR HOURS SHOWN} [C],ZONE COOLING SETPOINT NOT MET TIME {HOURS NON-ZERO} [HOURS],ZONE MEAN AIR TEMPERATURE {FOR HOURS SHOWN} [C],ZONE COOLING SETPOINT NOT MET WHILE OCCUPIED TIME {HOURS NON-ZERO} [HOURS],ZONE MEAN AIR TEMPERATURE {FOR HOURS SHOWN} [C]
,January,-,-,-,-,-,-,-,-
,February,-,-,-,-,-,-,-,-
,March,-,-,-,-,-,-,-,-
,April,-,-,-,-,-,-,-,-
,May,-,-,-,-,-,-,-,-
,June,-,-,-,-,-,-,-,-
,July,0.00,0.00,0.00,0.00,0.00,0.00,0.00,0.00
,August,-,-,-,-,-,-,-,-
,September,-,-,-,-,-,-,-,-
,October,-,-,-,-,-,-,-,-
,November,-,-,-,-,-,-,-,-
,December,-,-,-,-,-,-,-,-
,,,,,,,,,
,Annual Sum or Average,0.00,,0.00,,0.00,,0.00,
,Minimum of Months,0.00,0.00,0.00,0.00,0.00,0.00,0.00,0.00
,Maximum of Months,0.00,0.00,0.00,0.00,0.00,0.00,0.00,0.00


----------------------------------------------------------------------------------------------------
REPORT:,SETPOINTS NOT MET WITH TEMPERATURES
FOR:,CORE_MID
Custom Monthly Report

,,ZONE HEATING SETPOINT NOT MET TIME {HOURS NON-ZERO} [HOURS],ZONE MEAN AIR TEMPERATURE {FOR HOURS SHOWN} [C],ZONE HEATING SETPOINT NOT MET WHILE OCCUPIED TIME {HOURS NON-ZERO} [HOURS],ZONE MEAN AIR TEMPERATURE {FOR HOURS SHOWN} [C],ZONE COOLING SETPOINT NOT MET TIME {HOURS NON-ZERO} [HOURS],ZONE MEAN AIR TEMPERATURE {FOR HOURS SHOWN} [C],ZONE COOLING SETPOINT NOT MET WHILE OCCUPIED TIME {HOURS NON-ZERO} [HOURS],ZONE MEAN AIR TEMPERATURE {FOR HOURS SHOWN} [C]
,January,-,-,-,-,-,-,-,-
,February,-,-,-,-,-,-,-,-
,March,-,-,-,-,-,-,-,-
,April,-,-,-,-,-,-,-,-
,May,-,-,-,-,-,-,-,-
,June,-,-,-,-,-,-,-,-
,July,0.00,0.00,0.00,0.00,0.00,0.00,0.00,0.00
,August,-,-,-,-,-,-,-,-
,September,-,-,-,-,-,-,-,-
,October,-,-,-,-,-,-,-,-
,November,-,-,-,-,-,-,-,-
,December,-,-,-,-,-,-,-,-
,,,,,,,,,
,Annual Sum or Average,0.00,,0.00,,0.00,,0.00,
,Minimum of Months,0.00,0.00,0.00,0.00,0.00,0.00,0.00,0.00
,Maximum of Months,0.00,0.00,0.00,0.00,0.00,0.00,0.00,0.00


----------------------------------------------------------------------------------------------------
REPORT:,SETPOINTS NOT MET WITH TEMPERATURES
FOR:,CORE_TOP
Custom Monthly Report

,,ZONE HEATING SETPOINT NOT MET TIME {HOURS NON-ZERO} [HOURS],ZONE MEAN AIR TEMPERATURE {FOR HOURS SHOWN} [C],ZONE HEATING SETPOINT NOT MET WHILE OCCUPIED TIME {HOURS NON-ZERO} [HOURS],ZONE MEAN AIR TEMPERATURE {FOR HOURS SHOWN} [C],ZONE COOLING SETPOINT NOT MET TIME {HOURS NON-ZERO} [HOURS],ZONE MEAN AIR TEMPERATURE {FOR HOURS SHOWN} [C],ZONE COOLING SETPOINT NOT MET WHILE OCCUPIED TIME {HOURS NON-ZERO} [HOURS],ZONE MEAN AIR TEMPERATURE {FOR HOURS SHOWN} [C]
,January,-,-,-,-,-,-,-,-
,February,-,-,-,-,-,-,-,-
,March,-,-,-,-,-,-,-,-
,April,-,-,-,-,-,-,-,-
,May,-,-,-,-,-,-,-,-
,June,-,-,-,-,-,-,-,-
,July,0.00,0.00,0.00,0.00,0.00,0.00,0.00,0.00
,August,-,-,-,-,-,-,-,-
,September,-,-,-,-,-,-,-,-
,October,-,-,-,-,-,-,-,-
,November,-,-,-,-,-,-,-,-
,December,-,-,-,-,-,-,-,-
,,,,,,,,,
,Annual Sum or Average,0.00,,0.00,,0.00,,0.00,
,Minimum of Months,0.00,0.00,0.00,0.00,0.00,0.00,0.00,0.00
,Maximum of Months,0.00,0.00,0.00,0.00,0.00,0.00,0.00,0.00


----------------------------------------------------------------------------------------------------
REPORT:,SETPOINTS NOT MET WITH TEMPERATURES
FOR:,PERIMETER_TOP_ZN_3
Custom Monthly Report

,,ZONE HEATING SETPOINT NOT MET TIME {HOURS NON-ZERO} [HOURS],ZONE MEAN AIR TEMPERATURE {FOR HOURS SHOWN} [C],ZONE HEATING SETPOINT NOT MET WHILE OCCUPIED TIME {HOURS NON-ZERO} [HOURS],ZONE MEAN AIR TEMPERATURE {FOR HOURS SHOWN} [C],ZONE COOLING SETPOINT NOT MET TIME {HOURS NON-ZERO} [HOURS],ZONE MEAN AIR TEMPERATURE {FOR HOURS SHOWN} [C],ZONE COOLING SETPOINT NOT MET WHILE OCCUPIED TIME {HOURS NON-ZERO} [HOURS],ZONE MEAN AIR TEMPERATURE {FOR HOURS SHOWN} [C]
,January,-,-,-,-,-,-,-,-
,February,-,-,-,-,-,-,-,-
,March,-,-,-,-,-,-,-,-
,April,-,-,-,-,-,-,-,-
,May,-,-,-,-,-,-,-,-
,June,-,-,-,-,-,-,-,-
,July,0.00,0.00,0.00,0.00,4.75,27.10,3.25,27.07
,August,-,-,-,-,-,-,-,-
,September,-,-,-,-,-,-,-,-
,October,-,-,-,-,-,-,-,-
,November,-,-,-,-,-,-,-,-
,December,-,-,-,-,-,-,-,-
,,,,,,,,,
,Annual Sum or Average,0.00,,0.00,,4.75,27.10,3.25,27.07
,Minimum of Months,0.00,0.00,0.00,0.00,4.75,27.10,3.25,27.07
,Maximum of Months,0.00,0.00,0.00,0.00,4.75,27.10,3.25,27.07


----------------------------------------------------------------------------------------------------
REPORT:,SETPOINTS NOT MET WITH TEMPERATURES
FOR:,PERIMETER_TOP_ZN_2
Custom Monthly Report

,,ZONE HEATING SETPOINT NOT MET TIME {HOURS NON-ZERO} [HOURS],ZONE MEAN AIR TEMPERATURE {FOR HOURS SHOWN} [C],ZONE HEATING SETPOINT NOT MET WHILE OCCUPIED TIME {HOURS NON-ZERO} [HOURS],ZONE MEAN AIR TEMPERATURE {FOR HOURS SHOWN} [C],ZONE COOLING SETPOINT NOT MET TIME {HOURS NON-ZERO} [HOURS],ZONE MEAN AIR TEMPERATURE {FOR HOURS SHOWN} [C],ZONE COOLING SETPOINT NOT MET WHILE OCCUPIED TIME {HOURS NON-ZERO} [HOURS],ZONE MEAN AIR TEMPERATURE {FOR HOURS SHOWN} [C]
,January,-,-,-,-,-,-,-,-
,February,-,-,-,-,-,-,-,-
,March,-,-,-,-,-,-,-,-
,April,-,-,-,-,-,-,-,-
,May,-,-,-,-,-,-,-,-
,June,-,-,-,-,-,-,-,-
,July,0.00,0.00,0.00,0.00,14.75,27.89,14.75,27.89
,August,-,-,-,-,-,-,-,-
,September,-,-,-,-,-,-,-,-
,October,-,-,-,-,-,-,-,-
,November,-,-,-,-,-,-,-,-
,December,-,-,-,-,-,-,-,-
,,,,,,,,,
,Annual Sum or Average,0.00,,0.00,,14.75,27.89,14.75,27.89
,Minimum of Months,0.00,0.00,0.00,0.00,14.75,27.89,14.75,27.89
,Maximum of Months,0.00,0.00,0.00,0.00,14.75,27.89,14.75,27.89


----------------------------------------------------------------------------------------------------
REPORT:,SETPOINTS NOT MET WITH TEMPERATURES
FOR:,PERIMETER_TOP_ZN_1
Custom Monthly Report

,,ZONE HEATING SETPOINT NOT MET TIME {HOURS NON-ZERO} [HOURS],ZONE MEAN AIR TEMPERATURE {FOR HOURS SHOWN} [C],ZONE HEATING SETPOINT NOT MET WHILE OCCUPIED TIME {HOURS NON-ZERO} [HOURS],ZONE MEAN AIR TEMPERATURE {FOR HOURS SHOWN} [C],ZONE COOLING SETPOINT NOT MET TIME {HOURS NON-ZERO} [HOURS],ZONE MEAN AIR TEMPERATURE {FOR HOURS SHOWN} [C],ZONE COOLING SETPOINT NOT MET WHILE OCCUPIED TIME {HOURS NON-ZERO} [HOURS],ZONE MEAN AIR TEMPERATURE {FOR HOURS SHOWN} [C]
,January,-,-,-,-,-,-,-,-
,February,-,-,-,-,-,-,-,-
,March,-,-,-,-,-,-,-,-
,April,-,-,-,-,-,-,-,-
,May,-,-,-,-,-,-,-,-
,June,-,-,-,-,-,-,-,-
,July,0.00,0.00,0.00,0.00,7.75,27.47,7.50,27.48
,August,-,-,-,-,-,-,-,-
,September,-,-,-,-,-,-,-,-
,October,-,-,-,-,-,-,-,-
,November,-,-,-,-,-,-,-,-